MARCA;CATEGORIA;PROVEEDOR;GRAN FAMILIA
ALGABO;ACONDICIONADOR;A.C. IMPORTACIONES S.A.;CUIDADO CAPILAR
ALGABO;ACONDICIONADOR;A.C. IMPORTACIONES S.A.;CUIDADO CAPILAR
ANGRY BIRDS;ACONDICIONADOR;A.C. IMPORTACIONES S.A.;CUIDADO CAPILAR
ANGRY BIRDS;ACONDICIONADOR;A.C. IMPORTACIONES S.A.;CUIDADO CAPILAR
BABELITO;ACONDICIONADOR;A.C. IMPORTACIONES S.A.;CUIDADO CAPILAR
BABELITO;ACONDICIONADOR;A.C. IMPORTACIONES S.A.;CUIDADO CAPILAR
NAHUEL;ACONDICIONADOR;A.C. IMPORTACIONES S.A.;CUIDADO CAPILAR
NAHUEL;ACONDICIONADOR;A.C. IMPORTACIONES S.A.;CUIDADO CAPILAR
NON FRIZZ;ACONDICIONADOR;A.C. IMPORTACIONES S.A.;CUIDADO CAPILAR
NON FRIZZ;ACONDICIONADOR;A.C. IMPORTACIONES S.A.;CUIDADO CAPILAR
PLUSBELLE;ACONDICIONADOR;A.C. IMPORTACIONES S.A.;CUIDADO CAPILAR
PLUSBELLE;ACONDICIONADOR;A.C. IMPORTACIONES S.A.;CUIDADO CAPILAR
PLUSBELLE KIDS;ACONDICIONADOR;A.C. IMPORTACIONES S.A.;CUIDADO CAPILAR
PLUSBELLE KIDS;ACONDICIONADOR;A.C. IMPORTACIONES S.A.;CUIDADO CAPILAR
ALGABO;SHAMPOO;A.C. IMPORTACIONES S.A.;CUIDADO CAPILAR
ALGABO;SHAMPOO;A.C. IMPORTACIONES S.A.;CUIDADO CAPILAR
ALGABO KIDS;SHAMPOO;A.C. IMPORTACIONES S.A.;CUIDADO CAPILAR
ALGABO KIDS;SHAMPOO;A.C. IMPORTACIONES S.A.;CUIDADO CAPILAR
AMODIL;SHAMPOO;A.C. IMPORTACIONES S.A.;CUIDADO CAPILAR
ANGRY BIRDS;SHAMPOO;A.C. IMPORTACIONES S.A.;CUIDADO CAPILAR
ANGRY BIRDS;SHAMPOO;A.C. IMPORTACIONES S.A.;CUIDADO CAPILAR
AVENGERS;SHAMPOO;A.C. IMPORTACIONES S.A.;CUIDADO CAPILAR
BABELITO;SHAMPOO;A.C. IMPORTACIONES S.A.;CUIDADO CAPILAR
FISHER PRICE;SHAMPOO;A.C. IMPORTACIONES S.A.;CUIDADO CAPILAR
KEVINGSTON;SHAMPOO;A.C. IMPORTACIONES S.A.;CUIDADO CAPILAR
NON FRIZZ;SHAMPOO;A.C. IMPORTACIONES S.A.;CUIDADO CAPILAR
PLUSBELLE;SHAMPOO;A.C. IMPORTACIONES S.A.;CUIDADO CAPILAR
PLUSBELLE KIDS;SHAMPOO;A.C. IMPORTACIONES S.A.;CUIDADO CAPILAR
PLUSBELLE KIDS;SHAMPOO;A.C. IMPORTACIONES S.A.;CUIDADO CAPILAR
OLITALIA;ESPECIALES;AC IMPORTACIONES SA;aceites y vinagres
SIGLO DE ORO;MEZCLA;AC IMPORTACIONES SA;aceites y vinagres
OLITALIA;OLIVA;AC IMPORTACIONES SA;aceites y vinagres
SOZ;MOSTAZA;AC IMPORTACIONES SA;ADEREZOS
BON GOURMET;CALDOS;AC IMPORTACIONES SA;CALDOS/SOPAS/PURE
BON GOURMET;SOPAS;AC IMPORTACIONES SA;CALDOS/SOPAS/PURE
AGRIAROMA;BODY;AC IMPORTACIONES SA;CREMAS DE BELLEZA
ALGABO;BODY;AC IMPORTACIONES SA;CREMAS DE BELLEZA
AMODIL;BODY;AC IMPORTACIONES SA;CREMAS DE BELLEZA
AYURVIDA;BODY;AC IMPORTACIONES SA;CREMAS DE BELLEZA
AZALEA;BODY;AC IMPORTACIONES SA;CREMAS DE BELLEZA
CELULITE;BODY;AC IMPORTACIONES SA;CREMAS DE BELLEZA
COCOA BEACH;BODY;AC IMPORTACIONES SA;CREMAS DE BELLEZA
DEPIMIEL;BODY;AC IMPORTACIONES SA;CREMAS DE BELLEZA
DERMASISTEM;BODY;AC IMPORTACIONES SA;CREMAS DE BELLEZA
ESTRIANON;BODY;AC IMPORTACIONES SA;CREMAS DE BELLEZA
FLY COLOR;BODY;AC IMPORTACIONES SA;CREMAS DE BELLEZA
GABRIELLAS GARDEN;BODY;AC IMPORTACIONES SA;CREMAS DE BELLEZA
GALAPAGOS;BODY;AC IMPORTACIONES SA;CREMAS DE BELLEZA
KARINA RABOLINI;BODY;AC IMPORTACIONES SA;CREMAS DE BELLEZA
LOANDA;BODY;AC IMPORTACIONES SA;CREMAS DE BELLEZA
MEGA;BODY;AC IMPORTACIONES SA;CREMAS DE BELLEZA
NAHUEL;BODY;AC IMPORTACIONES SA;CREMAS DE BELLEZA
NATURAL;BODY;AC IMPORTACIONES SA;CREMAS DE BELLEZA
NUTRIPLUS;BODY;AC IMPORTACIONES SA;CREMAS DE BELLEZA
ONEIDA;BODY;AC IMPORTACIONES SA;CREMAS DE BELLEZA
OTRAS MARCAS;BODY;AC IMPORTACIONES SA;CREMAS DE BELLEZA
PAVLOVA;BODY;AC IMPORTACIONES SA;CREMAS DE BELLEZA
PLUSBELLE;BODY;AC IMPORTACIONES SA;CREMAS DE BELLEZA
REDUCDERM;BODY;AC IMPORTACIONES SA;CREMAS DE BELLEZA
TRITERPEN;BODY;AC IMPORTACIONES SA;CREMAS DE BELLEZA
UNICREM;BODY;AC IMPORTACIONES SA;CREMAS DE BELLEZA
YAMA;BODY;AC IMPORTACIONES SA;CREMAS DE BELLEZA
AGRIAROMA;FACIAL;AC IMPORTACIONES SA;CREMAS DE BELLEZA
AMODIL;FACIAL;AC IMPORTACIONES SA;CREMAS DE BELLEZA
AZALEA;FACIAL;AC IMPORTACIONES SA;CREMAS DE BELLEZA
DEPIMIEL;FACIAL;AC IMPORTACIONES SA;CREMAS DE BELLEZA
DERMASISTEM;FACIAL;AC IMPORTACIONES SA;CREMAS DE BELLEZA
GALAPAGOS;FACIAL;AC IMPORTACIONES SA;CREMAS DE BELLEZA
HAPPY FEET;FACIAL;AC IMPORTACIONES SA;CREMAS DE BELLEZA
KARINA RABOLINI;FACIAL;AC IMPORTACIONES SA;CREMAS DE BELLEZA
LAVMY;FACIAL;AC IMPORTACIONES SA;CREMAS DE BELLEZA
NATURAL;FACIAL;AC IMPORTACIONES SA;CREMAS DE BELLEZA
NUTRIPLUS;FACIAL;AC IMPORTACIONES SA;CREMAS DE BELLEZA
OTRAS MARCAS;FACIAL;AC IMPORTACIONES SA;CREMAS DE BELLEZA
PAIXAO;FACIAL;AC IMPORTACIONES SA;CREMAS DE BELLEZA
VITALCLEAN;FACIAL;AC IMPORTACIONES SA;CREMAS DE BELLEZA
AMODIL;MANOS;AC IMPORTACIONES SA;CREMAS DE BELLEZA
GALAPAGOS;MANOS;AC IMPORTACIONES SA;CREMAS DE BELLEZA
KARINA RABOLINI;MANOS;AC IMPORTACIONES SA;CREMAS DE BELLEZA
NAHUEL;MANOS;AC IMPORTACIONES SA;CREMAS DE BELLEZA
OTRAS MARCAS;MANOS;AC IMPORTACIONES SA;CREMAS DE BELLEZA
PAVLOVA;MANOS;AC IMPORTACIONES SA;CREMAS DE BELLEZA
AGRIAROMA;SOLAR;AC IMPORTACIONES SA;CREMAS DE BELLEZA
ALGABO;SOLAR;AC IMPORTACIONES SA;CREMAS DE BELLEZA
COCOA BEACH;SOLAR;AC IMPORTACIONES SA;CREMAS DE BELLEZA
ALGABO;NULL;AC IMPORTACIONES SA;CUIDADO CAPILAR
AMODIL;NULL;AC IMPORTACIONES SA;CUIDADO CAPILAR
PLUSBELLE;NULL;AC IMPORTACIONES SA;CUIDADO CAPILAR
AMODIL;SHAMPOO;AC IMPORTACIONES SA;CUIDADO CAPILAR
AVENGERS;SHAMPOO;AC IMPORTACIONES SA;CUIDADO CAPILAR
BABELITO;SHAMPOO;AC IMPORTACIONES SA;CUIDADO CAPILAR
FISHER PRICE;SHAMPOO;AC IMPORTACIONES SA;CUIDADO CAPILAR
KEVINGSTON;SHAMPOO;AC IMPORTACIONES SA;CUIDADO CAPILAR
NON FRIZZ;SHAMPOO;AC IMPORTACIONES SA;CUIDADO CAPILAR
PLUSBELLE;SHAMPOO;AC IMPORTACIONES SA;CUIDADO CAPILAR
ALGABO;HOMBRE;AC IMPORTACIONES SA;DESODORANTE/ANTITRANSPIRANTE
KEVINGSTON;HOMBRE;AC IMPORTACIONES SA;DESODORANTE/ANTITRANSPIRANTE
ALGABO;MUJER;AC IMPORTACIONES SA;DESODORANTE/ANTITRANSPIRANTE
KEVINGSTON;MUJER;AC IMPORTACIONES SA;DESODORANTE/ANTITRANSPIRANTE
PLUSBELLE;MUJER;AC IMPORTACIONES SA;DESODORANTE/ANTITRANSPIRANTE
ALGABO;ENJUAGUE BUCAL;AC IMPORTACIONES SA;HIGIENE BUCAL
ALGABO;LIQUIDOS;AC IMPORTACIONES SA;JABON DE TOCADOR
DIAL;LIQUIDOS;AC IMPORTACIONES SA;JABON DE TOCADOR
KARINA RABOLINI;LIQUIDOS;AC IMPORTACIONES SA;JABON DE TOCADOR
ALGABO;PASTILLAS;AC IMPORTACIONES SA;JABON DE TOCADOR
DIAL;PASTILLAS;AC IMPORTACIONES SA;JABON DE TOCADOR
PLUSBELLE;PASTILLAS;AC IMPORTACIONES SA;JABON DE TOCADOR
BIANCA;GIRASOL;ACEITERA GENERAL DEHEZA S.A.;aceites y vinagres
BIANCA;OLIVA;ACEITERA GENERAL DEHEZA S.A.;aceites y vinagres
HERBAL ESSENCES;ACONDICIONADOR;ACONCAGUA S.A;CUIDADO CAPILAR
HERBAL ESSENCES;ACONDICIONADOR;ACONCAGUA S.A;CUIDADO CAPILAR
PANTENE;ACONDICIONADOR;ACONCAGUA S.A;CUIDADO CAPILAR
PANTENE;ACONDICIONADOR;ACONCAGUA S.A;CUIDADO CAPILAR
HERBAL ESSENCES;SHAMPOO;ACONCAGUA S.A;CUIDADO CAPILAR
HERBAL ESSENCES;SHAMPOO;ACONCAGUA S.A;CUIDADO CAPILAR
TAMPAX;TAMPONES;ACONCAGUA S.A;PROTECCION FEMENINA
TAMPAX;TAMPONES;ACONCAGUA S.A;PROTECCION FEMENINA
ALWAYS;TOALLAS HIGI텙ICAS;ACONCAGUA S.A;PROTECCION FEMENINA
ALWAYS;TOALLAS HIGI텙ICAS;ACONCAGUA S.A;PROTECCION FEMENINA
HEAD & SHOULDER;ACONDICIONADOR;ACONCAGUA S.A.;CUIDADO CAPILAR
HEAD & SHOULDER;ACONDICIONADOR;ACONCAGUA S.A.;CUIDADO CAPILAR
AUSSIE KIDS;NULL;ACONCAGUA S.A.;CUIDADO CAPILAR
HEAD & SHOULDER;NULL;ACONCAGUA S.A.;CUIDADO CAPILAR
HERBAL ESSENCES;NULL;ACONCAGUA S.A.;CUIDADO CAPILAR
PANTENE;NULL;ACONCAGUA S.A.;CUIDADO CAPILAR
HEAD & SHOULDER;SHAMPOO;ACONCAGUA S.A.;CUIDADO CAPILAR
HEAD & SHOULDER;SHAMPOO;ACONCAGUA S.A.;CUIDADO CAPILAR
PANTENE;SHAMPOO;ACONCAGUA S.A.;CUIDADO CAPILAR
PANTENE;SHAMPOO;ACONCAGUA S.A.;CUIDADO CAPILAR
PAMPERS;INFANTILES;ACONCAGUA S.A.;PA헤LES
ALWAYS;NULL;ACONCAGUA S.A.;PROTECCION FEMENINA
ALWAYS;PROTECTOR DIARIO;ACONCAGUA S.A.;PROTECCION FEMENINA
ALWAYS;PROTECTOR DIARIO;ACONCAGUA S.A.;PROTECCION FEMENINA
BAMBINO;PAPEL HIGIENICO;ADS INDUSTRIAL & COMERCIAL SA;PAPELES
BEST;PAPEL HIGIENICO;ADS INDUSTRIAL & COMERCIAL SA;PAPELES
SPECIAL;PAPEL HIGIENICO;ADS INDUSTRIAL & COMERCIAL SA;PAPELES
OTRAS MARCAS;BODY;AGRIPOTENCIAL SRL;CREMAS DE BELLEZA
OTRAS MARCAS;FACIAL;AGRIPOTENCIAL SRL;CREMAS DE BELLEZA
BANANA BOAT;BODY;AJ BOSTON SA;CREMAS DE BELLEZA
BYPHASSE;BODY;AJ BOSTON SA;CREMAS DE BELLEZA
HAWAIN TROPIC;BODY;AJ BOSTON SA;CREMAS DE BELLEZA
KINESIA;BODY;AJ BOSTON SA;CREMAS DE BELLEZA
LINA BOCARDI;BODY;AJ BOSTON SA;CREMAS DE BELLEZA
OTRAS MARCAS;BODY;AJ BOSTON SA;CREMAS DE BELLEZA
SHAKIRA;BODY;AJ BOSTON SA;CREMAS DE BELLEZA
SWEET CARE;BODY;AJ BOSTON SA;CREMAS DE BELLEZA
VITESSE;BODY;AJ BOSTON SA;CREMAS DE BELLEZA
BYPHASSE;FACIAL;AJ BOSTON SA;CREMAS DE BELLEZA
HAWAIN TROPIC;FACIAL;AJ BOSTON SA;CREMAS DE BELLEZA
OTRAS MARCAS;FACIAL;AJ BOSTON SA;CREMAS DE BELLEZA
SWEET CARE;FACIAL;AJ BOSTON SA;CREMAS DE BELLEZA
VITESSE;FACIAL;AJ BOSTON SA;CREMAS DE BELLEZA
BYPHASSE;MANOS;AJ BOSTON SA;CREMAS DE BELLEZA
KINESIA;MANOS;AJ BOSTON SA;CREMAS DE BELLEZA
OTRAS MARCAS;MANOS;AJ BOSTON SA;CREMAS DE BELLEZA
SWEET CARE;MANOS;AJ BOSTON SA;CREMAS DE BELLEZA
AGATHA;SOLAR;AJ BOSTON SA;CREMAS DE BELLEZA
BANANA BOAT;SOLAR;AJ BOSTON SA;CREMAS DE BELLEZA
BYPHASSE;SOLAR;AJ BOSTON SA;CREMAS DE BELLEZA
CUCUMBER;SOLAR;AJ BOSTON SA;CREMAS DE BELLEZA
HAWAIN TROPIC;SOLAR;AJ BOSTON SA;CREMAS DE BELLEZA
OTRAS MARCAS;SOLAR;AJ BOSTON SA;CREMAS DE BELLEZA
DENENES;SHAMPOO;AJ BOSTON SA;CUIDADO CAPILAR
DENENES;SHAMPOO;AJ BOSTON SA;CUIDADO CAPILAR
BLESS;LIQUIDOS;AJ BOSTON SA;JABON DE TOCADOR
BYPHASSE;LIQUIDOS;AJ BOSTON SA;JABON DE TOCADOR
SIMONDS;LIQUIDOS;AJ BOSTON SA;JABON DE TOCADOR
SWEET CARE;LIQUIDOS;AJ BOSTON SA;JABON DE TOCADOR
HEINZ;KETCHUP;AJ S.A.;ADEREZOS
HEINZ;MAYONESA;AJ S.A.;ADEREZOS
HEINZ;MOSTAZA;AJ S.A.;ADEREZOS
ZORRO;CONCENTRADOS;AJ S.A.;DETERGENTE LAVAVAJILLAS
ZORRO;NORMAL;AJ S.A.;DETERGENTE LAVAVAJILLAS
ZORRO;JABONES EN POLVO;AJ S.A.;LAVADO DE ROPA
ZORRO;JABONES LIQUIDOS;AJ S.A.;LAVADO DE ROPA
ZORRO;SUAVIZANTES;AJ S.A.;LAVADO DE ROPA
SEDA;PAPEL HIGIENICO;AJ S.A.;PAPELES
ANITA;PASTAS LARGAS;AJ S.A.;PASTAS SECAS
ANITA;NIDO;AJ S.A.;PASTAS SECAS
ANITA;PASTAS CORTAS;AJ S.A.;PASTAS SECAS
NORTE;PASTAS CORTAS;AJ S.A.;PASTAS SECAS
NORTE;PASTAS LARGAS;AJ S.A.;PASTAS SECAS
NORTE;NIDO;AJ S.A.;PASTAS SECAS
YBARRA;OLIVA;AJ VIERCI Y CIA;aceites y vinagres
ALGISA;GIRASOL;ALBERTO GILES SA;aceites y vinagres
ALGISA;MEZCLA;ALBERTO GILES SA;aceites y vinagres
DON ROBERTO;MEZCLA;ALBERTO GILES SA;aceites y vinagres
ALGISA;SOJA;ALBERTO GILES SA;aceites y vinagres
DON ROBERTO;SOJA;ALBERTO GILES SA;aceites y vinagres
OGX;ACONDICIONADOR;ALBISOL S.R.L;CUIDADO CAPILAR
OGX;ACONDICIONADOR;ALBISOL S.R.L;CUIDADO CAPILAR
OLIO;ACONDICIONADOR;ALBISOL S.R.L;CUIDADO CAPILAR
OLIO;ACONDICIONADOR;ALBISOL S.R.L;CUIDADO CAPILAR
OGX;SHAMPOO;ALBISOL S.R.L;CUIDADO CAPILAR
OGX;SHAMPOO;ALBISOL S.R.L;CUIDADO CAPILAR
OGX;NULL;ALBISOL S.R.L.;CUIDADO CAPILAR
SAVIA;NULL;ALBISOL S.R.L.;CUIDADO CAPILAR
OLIO;SHAMPOO;ALBISOL S.R.L.;CUIDADO CAPILAR
OLIO;SHAMPOO;ALBISOL S.R.L.;CUIDADO CAPILAR
BARCELONA;HOMBRE;ALBISOL S.R.L.;DESODORANTE/ANTITRANSPIRANTE
DRY IDEA;HOMBRE;ALBISOL S.R.L.;DESODORANTE/ANTITRANSPIRANTE
RIGHT GUARD;HOMBRE;ALBISOL S.R.L.;DESODORANTE/ANTITRANSPIRANTE
DRY IDEA;MUJER;ALBISOL S.R.L.;DESODORANTE/ANTITRANSPIRANTE
GUM;CEPILLO DENTAL;ALBISOL S.R.L.;HIGIENE BUCAL
GUM;HILO DENTAL;ALBISOL S.R.L.;HIGIENE BUCAL
123;JABONES EN POLVO;ALBISOL S.R.L.;LAVADO DE ROPA
PERSIL;JABONES EN POLVO;ALBISOL S.R.L.;LAVADO DE ROPA
123;JABONES LIQUIDOS;ALBISOL S.R.L.;LAVADO DE ROPA
PERSIL;JABONES LIQUIDOS;ALBISOL S.R.L.;LAVADO DE ROPA
PUREX;JABONES LIQUIDOS;ALBISOL S.R.L.;LAVADO DE ROPA
QSOFT;ADULTOS;ALBISOL S.R.L.;PA헤LES
BLESS;BODY;ALBISOL SRL;CREMAS DE BELLEZA
CARIBBEAN BREEZE;BODY;ALBISOL SRL;CREMAS DE BELLEZA
DIAL;BODY;ALBISOL SRL;CREMAS DE BELLEZA
NUTRISKIN;BODY;ALBISOL SRL;CREMAS DE BELLEZA
OTRAS MARCAS;BODY;ALBISOL SRL;CREMAS DE BELLEZA
RICKY SARKANY;BODY;ALBISOL SRL;CREMAS DE BELLEZA
DIAL;FACIAL;ALBISOL SRL;CREMAS DE BELLEZA
MOJITO;FACIAL;ALBISOL SRL;CREMAS DE BELLEZA
OTRAS MARCAS;FACIAL;ALBISOL SRL;CREMAS DE BELLEZA
QSOFT;FACIAL;ALBISOL SRL;CREMAS DE BELLEZA
RICKY SARKANY;FACIAL;ALBISOL SRL;CREMAS DE BELLEZA
BLESS;MANOS;ALBISOL SRL;CREMAS DE BELLEZA
CARIBBEAN BREEZE;MANOS;ALBISOL SRL;CREMAS DE BELLEZA
DIAL;MANOS;ALBISOL SRL;CREMAS DE BELLEZA
NUTRISKIN;MANOS;ALBISOL SRL;CREMAS DE BELLEZA
OTRAS MARCAS;MANOS;ALBISOL SRL;CREMAS DE BELLEZA
CARIBBEAN BREEZE;SOLAR;ALBISOL SRL;CREMAS DE BELLEZA
OIL SPICE;HOMBRE;ALCLA S.A;DESODORANTE/ANTITRANSPIRANTE
HELLO KITTY;MUJER;ALGABO S.A;DESODORANTE/ANTITRANSPIRANTE
GUT & GUNSTIG;MAYONESA;ALIMENTOS ESPECIALES S.A.;ADEREZOS
GUT & GUNSTIG;PASTAS LARGAS;ALIMENTOS ESPECIALES S.A.;PASTAS SECAS
KRISS;BODY;ANCHOR PACKAGING DEL PARAGUAY SA;CREMAS DE BELLEZA
OTRAS MARCAS;BODY;ANCHOR PACKAGING DEL PARAGUAY SA;CREMAS DE BELLEZA
OTRAS MARCAS;FACIAL;ANCHOR PACKAGING DEL PARAGUAY SA;CREMAS DE BELLEZA
BABY SEC;INFANTILES;ANCHOR PACKAGING DEL PARAGUAY SA;PA헤LES
GILLETTE;HOMBRE;ANCLA SRL;DESODORANTE/ANTITRANSPIRANTE
OLD SPICE;HOMBRE;ANCLA SRL;DESODORANTE/ANTITRANSPIRANTE
WOLFTHORN;HOMBRE;ANCLA SRL;DESODORANTE/ANTITRANSPIRANTE
OLD SPICE;MUJER;ANCLA SRL;DESODORANTE/ANTITRANSPIRANTE
MENOYO;MEZCLA;APOLO IMPORT S A;aceites y vinagres
CRISCO;OLIVA;APOLO IMPORT S A;aceites y vinagres
FILIPPO BERIO;OLIVA;APOLO IMPORT S A;aceites y vinagres
MENOYO;OLIVA;APOLO IMPORT S A;aceites y vinagres
SOYA;OLIVA;APOLO IMPORT S A;aceites y vinagres
SOYA;SOJA;APOLO IMPORT S A;aceites y vinagres
DAJUDA;KETCHUP;APOLO IMPORT S A;ADEREZOS
LORENZ;KETCHUP;APOLO IMPORT S A;ADEREZOS
PIACERE;KETCHUP;APOLO IMPORT S A;ADEREZOS
SUN;KETCHUP;APOLO IMPORT S A;ADEREZOS
LORENZ;MAYONESA;APOLO IMPORT S A;ADEREZOS
MENOYO;MAYONESA;APOLO IMPORT S A;ADEREZOS
SOYA;MAYONESA;APOLO IMPORT S A;ADEREZOS
LORENZ;MOSTAZA;APOLO IMPORT S A;ADEREZOS
MENOYO;MOSTAZA;APOLO IMPORT S A;ADEREZOS
PIACERE;MOSTAZA;APOLO IMPORT S A;ADEREZOS
SUN;MOSTAZA;APOLO IMPORT S A;ADEREZOS
ALMA DE FLORES;MUJER;APOLO IMPORT S A;DESODORANTE/ANTITRANSPIRANTE
MINUANO;NORMAL;APOLO IMPORT S A;DETERGENTE LAVAVAJILLAS
QUERUBIN;NORMAL;APOLO IMPORT S A;DETERGENTE LAVAVAJILLAS
ALMA DE FLORES;LIQUIDOS;APOLO IMPORT S A;JABON DE TOCADOR
ALMA DE FLORES;PASTILLAS;APOLO IMPORT S A;JABON DE TOCADOR
BIOCREMA;PASTILLAS;APOLO IMPORT S A;JABON DE TOCADOR
QUERUBIN;JABONES EN POLVO;APOLO IMPORT S A;LAVADO DE ROPA
QUERUBIN;JABONES LIQUIDOS;APOLO IMPORT S A;LAVADO DE ROPA
MILI;SUAVIZANTES;APOLO IMPORT S A;LAVADO DE ROPA
QUERUBIN;SUAVIZANTES;APOLO IMPORT S A;LAVADO DE ROPA
MILI;ADULTOS;APOLO IMPORT S A;PA헤LES
MILI;INFANTILES;APOLO IMPORT S A;PA헤LES
BLUF;PAPEL HIGIENICO;APOLO IMPORT S A;PAPELES
CAMERATTA;PAPEL HIGIENICO;APOLO IMPORT S A;PAPELES
MILI;PAPEL HIGIENICO;APOLO IMPORT S A;PAPELES
MILI;NULL;APOLO IMPORT S A;PROTECCION FEMENINA
NISSIN;PASTAS LARGAS;APOLO IMPORT S. A.;PASTAS SECAS
NISSIN;PASTAS CORTAS;APOLO IMPORT S. A.;PASTAS SECAS
MILI;PROTECTOR DIARIO;APOLO IMPORT S. A.;PROTECCION FEMENINA
MILI;PROTECTOR DIARIO;APOLO IMPORT S. A.;PROTECCION FEMENINA
MILI;TOALLAS HIGI텙ICAS;APOLO IMPORT S. A.;PROTECCION FEMENINA
MILI;TOALLAS HIGI텙ICAS;APOLO IMPORT S. A.;PROTECCION FEMENINA
JEAN PHILIPPE;BODY;APRA S.A.;CREMAS DE BELLEZA
JOHNSON PARKER;BODY;APRA S.A.;CREMAS DE BELLEZA
JOHNSON PARKER;FACIAL;APRA S.A.;CREMAS DE BELLEZA
JOHNSON PARKER;MANOS;APRA S.A.;CREMAS DE BELLEZA
OTRAS MARCAS;MANOS;APRA S.A.;CREMAS DE BELLEZA
JORDACHE;HOMBRE;APRA S.A.;DESODORANTE/ANTITRANSPIRANTE
JORDACHE;MUJER;APRA S.A.;DESODORANTE/ANTITRANSPIRANTE
INTIMATE;LIQUIDOS;APRA SA;JABON DE TOCADOR
ARCO IRIS;KETCHUP;ARCO IRIS SA;ADEREZOS
ARCO IRIS;MOSTAZA;ARCO IRIS SA;ADEREZOS
ARCOR;MAIZ;ARCORPAR SA;aceites y vinagres
ARCOR;MEZCLA;ARCORPAR SA;aceites y vinagres
ARCOR;OLIVA;ARCORPAR SA;aceites y vinagres
BC;MAYONESA;ARCORPAR SA;ADEREZOS
BABY LOOK;INFANTILES;ARGOS PARAGUAY S.R.L.;PA헤LES
KLASSE;ACONDICIONADOR;ARTICO S.A.C.I.;CUIDADO CAPILAR
KLASSE;ACONDICIONADOR;ARTICO S.A.C.I.;CUIDADO CAPILAR
KONZIL;ACONDICIONADOR;ARTICO S.A.C.I.;CUIDADO CAPILAR
KONZIL;ACONDICIONADOR;ARTICO S.A.C.I.;CUIDADO CAPILAR
SCHAUMA;ACONDICIONADOR;ARTICO S.A.C.I.;CUIDADO CAPILAR
SCHAUMA;ACONDICIONADOR;ARTICO S.A.C.I.;CUIDADO CAPILAR
SCHWARZKOPF;ACONDICIONADOR;ARTICO S.A.C.I.;CUIDADO CAPILAR
SCHWARZKOPF;ACONDICIONADOR;ARTICO S.A.C.I.;CUIDADO CAPILAR
SYOSS;ACONDICIONADOR;ARTICO S.A.C.I.;CUIDADO CAPILAR
SYOSS;ACONDICIONADOR;ARTICO S.A.C.I.;CUIDADO CAPILAR
KANECHOM;SHAMPOO;ARTICO S.A.C.I.;CUIDADO CAPILAR
KANECHOM;SHAMPOO;ARTICO S.A.C.I.;CUIDADO CAPILAR
KLASSE;SHAMPOO;ARTICO S.A.C.I.;CUIDADO CAPILAR
KLASSE;SHAMPOO;ARTICO S.A.C.I.;CUIDADO CAPILAR
KONZIL;SHAMPOO;ARTICO S.A.C.I.;CUIDADO CAPILAR
KONZIL;SHAMPOO;ARTICO S.A.C.I.;CUIDADO CAPILAR
SCHAUMA;SHAMPOO;ARTICO S.A.C.I.;CUIDADO CAPILAR
SCHAUMA;SHAMPOO;ARTICO S.A.C.I.;CUIDADO CAPILAR
SCHWARZKOPF;SHAMPOO;ARTICO S.A.C.I.;CUIDADO CAPILAR
SCHWARZKOPF;SHAMPOO;ARTICO S.A.C.I.;CUIDADO CAPILAR
SYOSS;SHAMPOO;ARTICO S.A.C.I.;CUIDADO CAPILAR
SYOSS;SHAMPOO;ARTICO S.A.C.I.;CUIDADO CAPILAR
OTRAS MARCAS;BODY;ARTICO SACI;CREMAS DE BELLEZA
SCHWARZKOPF;BODY;ARTICO SACI;CREMAS DE BELLEZA
OTRAS MARCAS;FACIAL;ARTICO SACI;CREMAS DE BELLEZA
SCHWARZKOPF;FACIAL;ARTICO SACI;CREMAS DE BELLEZA
ISSUE;NULL;ARTICO SACI;CUIDADO CAPILAR
KLASSE;NULL;ARTICO SACI;CUIDADO CAPILAR
KONZIL;NULL;ARTICO SACI;CUIDADO CAPILAR
OLIO;NULL;ARTICO SACI;CUIDADO CAPILAR
SCHAUMA;NULL;ARTICO SACI;CUIDADO CAPILAR
SCHWARZKOPF;NULL;ARTICO SACI;CUIDADO CAPILAR
SYOSS;NULL;ARTICO SACI;CUIDADO CAPILAR
FA;MUJER;ARTICO SACI;DESODORANTE/ANTITRANSPIRANTE
PERSONAL;INFANTILES;ASUNCION S.A. DE NEGOCIOS;PA헤LES
CHARME;PAPEL HIGIENICO;ASUNCION S.A. DE NEGOCIOS;PAPELES
PERSONAL;PAPEL HIGIENICO;ASUNCION S.A. DE NEGOCIOS;PAPELES
BASE BASE;NORMAL;BASE BASE S A;DETERGENTE LAVAVAJILLAS
LIMPIA BIEN;NORMAL;BASE BASE S A;DETERGENTE LAVAVAJILLAS
ALEXIA;LIQUIDOS;BASE BASE S A;JABON DE TOCADOR
BASE BASE;LIQUIDOS;BASE BASE S A;JABON DE TOCADOR
BASE BASE;JABONES EN POLVO;BASE BASE S A;LAVADO DE ROPA
LIMPIAZUL;JABONES EN POLVO;BASE BASE S A;LAVADO DE ROPA
BASE BASE;JABONES LIQUIDOS;BASE BASE S A;LAVADO DE ROPA
LIMPIAZUL;JABONES LIQUIDOS;BASE BASE S A;LAVADO DE ROPA
BASE BASE;SUAVIZANTES;BASE BASE S A;LAVADO DE ROPA
ATRIX;BODY;BEIERSDORF S.A.;CREMAS DE BELLEZA
NIVEA;BODY;BEIERSDORF S.A.;CREMAS DE BELLEZA
OTRAS MARCAS;BODY;BEIERSDORF S.A.;CREMAS DE BELLEZA
EUCERIN;FACIAL;BEIERSDORF S.A.;CREMAS DE BELLEZA
NIVEA;FACIAL;BEIERSDORF S.A.;CREMAS DE BELLEZA
OTRAS MARCAS;FACIAL;BEIERSDORF S.A.;CREMAS DE BELLEZA
ATRIX;MANOS;BEIERSDORF S.A.;CREMAS DE BELLEZA
NIVEA;MANOS;BEIERSDORF S.A.;CREMAS DE BELLEZA
OTRAS MARCAS;MANOS;BEIERSDORF S.A.;CREMAS DE BELLEZA
NIVEA;SOLAR;BEIERSDORF S.A.;CREMAS DE BELLEZA
8 X 4;HOMBRE;BEIERSDORF SA;DESODORANTE/ANTITRANSPIRANTE
HIDROFUGAL;HOMBRE;BEIERSDORF SA;DESODORANTE/ANTITRANSPIRANTE
NIVEA;HOMBRE;BEIERSDORF SA;DESODORANTE/ANTITRANSPIRANTE
8 X 4;MUJER;BEIERSDORF SA;DESODORANTE/ANTITRANSPIRANTE
HIDROFUGAL;MUJER;BEIERSDORF SA;DESODORANTE/ANTITRANSPIRANTE
NIVEA;MUJER;BEIERSDORF SA;DESODORANTE/ANTITRANSPIRANTE
HIDROGENESSE;LIQUIDOS;BEIERSDORF SA;JABON DE TOCADOR
NIVEA;LIQUIDOS;BEIERSDORF SA;JABON DE TOCADOR
NIVEA;PASTILLAS;BEIERSDORF SA;JABON DE TOCADOR
LOREAL;BODY;BELLCOS PARAGUAY SA;CREMAS DE BELLEZA
VICHY;BODY;BELLCOS PARAGUAY SA;CREMAS DE BELLEZA
LOREAL;FACIAL;BELLCOS PARAGUAY SA;CREMAS DE BELLEZA
MAYBELLINE;FACIAL;BELLCOS PARAGUAY SA;CREMAS DE BELLEZA
VICHY;FACIAL;BELLCOS PARAGUAY SA;CREMAS DE BELLEZA
OTRAS MARCAS;MANOS;BELLCOS PARAGUAY SA;CREMAS DE BELLEZA
ELVIVE;ACONDICIONADOR;BELLCOS PARAGUAY SA;CUIDADO CAPILAR
ELVIVE;ACONDICIONADOR;BELLCOS PARAGUAY SA;CUIDADO CAPILAR
FRUCTIS;ACONDICIONADOR;BELLCOS PARAGUAY SA;CUIDADO CAPILAR
FRUCTIS;ACONDICIONADOR;BELLCOS PARAGUAY SA;CUIDADO CAPILAR
ELVIVE;NULL;BELLCOS PARAGUAY SA;CUIDADO CAPILAR
FRUCTIS;NULL;BELLCOS PARAGUAY SA;CUIDADO CAPILAR
GARNIER NUTRISSE;NULL;BELLCOS PARAGUAY SA;CUIDADO CAPILAR
ELVIVE;SHAMPOO;BELLCOS PARAGUAY SA;CUIDADO CAPILAR
ELVIVE;SHAMPOO;BELLCOS PARAGUAY SA;CUIDADO CAPILAR
FRUCTIS;SHAMPOO;BELLCOS PARAGUAY SA;CUIDADO CAPILAR
FRUCTIS;SHAMPOO;BELLCOS PARAGUAY SA;CUIDADO CAPILAR
GARNIER NUTRISSE;SHAMPOO;BELLCOS PARAGUAY SA;CUIDADO CAPILAR
GARNIER NUTRISSE;SHAMPOO;BELLCOS PARAGUAY SA;CUIDADO CAPILAR
LOREAL KIDS;SHAMPOO;BELLCOS PARAGUAY SA;CUIDADO CAPILAR
LOREAL KIDS;SHAMPOO;BELLCOS PARAGUAY SA;CUIDADO CAPILAR
DILE SI A TU PELO;NULL;BELLEZA Y AROMA S.A;CUIDADO CAPILAR
BELLEZA Y AROMA;NULL;BELLEZA Y AROMA SA;CUIDADO CAPILAR
ASEOLIM;NORMAL;BELLEZA Y AROMA SA;DETERGENTE LAVAVAJILLAS
BELLEZA Y AROMA;LIQUIDOS;BELLEZA Y AROMA SA;JABON DE TOCADOR
ASEOLIM;JABONES LIQUIDOS;BELLEZA Y AROMA SA;LAVADO DE ROPA
ASEOLIM;SUAVIZANTES;BELLEZA Y AROMA SA;LAVADO DE ROPA
ASEOLIM;PAPEL HIGIENICO;BELLEZA Y AROMA SA;PAPELES
OTRAS MARCAS;FACIAL;BELLEZA Y SALUD INTEGRAL S. A.;CREMAS DE BELLEZA
BABY BASIC;BODY;BRIBEN S.A.;CREMAS DE BELLEZA
BASIC;BODY;BRIBEN S.A.;CREMAS DE BELLEZA
BASIC LINE;BODY;BRIBEN S.A.;CREMAS DE BELLEZA
OTRAS MARCAS;BODY;BRIBEN S.A.;CREMAS DE BELLEZA
BABY BASIC;FACIAL;BRIBEN S.A.;CREMAS DE BELLEZA
OTRAS MARCAS;FACIAL;BRIBEN S.A.;CREMAS DE BELLEZA
BASIC LINE;MANOS;BRIBEN S.A.;CREMAS DE BELLEZA
BABY BASIC;SOLAR;BRIBEN S.A.;CREMAS DE BELLEZA
BASIC;SOLAR;BRIBEN S.A.;CREMAS DE BELLEZA
SAPOLAN;SOLAR;BRIBEN S.A.;CREMAS DE BELLEZA
ZAELI;OLIVA;BRUMADO S. A.;aceites y vinagres
ZAELI;KETCHUP;BRUMADO S. A.;ADEREZOS
ZAELI;MOSTAZA;BRUMADO S. A.;ADEREZOS
ZAELI;PASTAS CORTAS;BRUMADO S. A.;PASTAS SECAS
SI;NULL;BYA SRL;CUIDADO CAPILAR
DELICATESSEN;OLIVA;CABANA DE MARIA;aceites y vinagres
DELICATESSEN;MAYONESA;CABANA DE MARIA;ADEREZOS
GAIN;NORMAL;CADENA REAL S.A.;DETERGENTE LAVAVAJILLAS
QUATRO;SUAVIZANTES;CADESU S.A.;LAVADO DE ROPA
BABY BLUE;BODY;CAR & BEN S.R.L;CREMAS DE BELLEZA
EL TIGRE;CONCENTRADOS;CARIMBO 77;DETERGENTE LAVAVAJILLAS
EL TIGRE;NORMAL;CARIMBO 77;DETERGENTE LAVAVAJILLAS
EL TIGRE;PAPEL HIGIENICO;CARIMBO 77;PAPELES
ESPANA;PAPEL HIGIENICO;CARIMBO 77;PAPELES
S6;PAPEL HIGIENICO;CARIMBO 77;PAPELES
STOCK;PAPEL HIGIENICO;CARIMBO 77;PAPELES
4X4;PAPEL HIGIENICO;CARTON BOX DEL PY;PAPELES
EXPRESS;PAPEL HIGIENICO;CARTON BOX DEL PY;PAPELES
VELVET;PAPEL HIGIENICO;CARTON BOX DEL PY;PAPELES
NATURA;ESPECIALES;CASA MODIGA;aceites y vinagres
MAZOLA;GIRASOL;CASA MODIGA;aceites y vinagres
NATURA;GIRASOL;CASA MODIGA;aceites y vinagres
MAZOLA;MAIZ;CASA MODIGA;aceites y vinagres
NATURA;MAIZ;CASA MODIGA;aceites y vinagres
NATURA;MEZCLA;CASA MODIGA;aceites y vinagres
BAU;OLIVA;CASA MODIGA;aceites y vinagres
COLAVITA;OLIVA;CASA MODIGA;aceites y vinagres
MAZOLA;OLIVA;CASA MODIGA;aceites y vinagres
NATURA;OLIVA;CASA MODIGA;aceites y vinagres
NATURA;SOJA;CASA MODIGA;aceites y vinagres
NATURA;KETCHUP;CASA MODIGA;ADEREZOS
MAYOLIVA;MAYONESA;CASA MODIGA;ADEREZOS
NATURA;MAYONESA;CASA MODIGA;ADEREZOS
YRUPE;NORMAL;CASA MODIGA S.A.;DETERGENTE LAVAVAJILLAS
CASA RICA;PASTAS CORTAS;CASA RICA;PASTAS SECAS
CAVALLARO;CONCENTRADOS;CAVALLARO HNOS SACI;DETERGENTE LAVAVAJILLAS
CAVALLARO;NORMAL;CAVALLARO HNOS SACI;DETERGENTE LAVAVAJILLAS
PIXOL;NORMAL;CAVALLARO HNOS SACI;DETERGENTE LAVAVAJILLAS
C2;PASTILLAS;CAVALLARO HNOS SACI;JABON DE TOCADOR
CAVALLARO;PASTILLAS;CAVALLARO HNOS SACI;JABON DE TOCADOR
COCO CAVALLARO;PASTILLAS;CAVALLARO HNOS SACI;JABON DE TOCADOR
IO CAVALLARO;PASTILLAS;CAVALLARO HNOS SACI;JABON DE TOCADOR
CAVALLARO;JABONES EN POLVO;CAVALLARO HNOS SACI;LAVADO DE ROPA
COCO CAVALLARO;JABONES EN POLVO;CAVALLARO HNOS SACI;LAVADO DE ROPA
GUAIRA;JABONES EN POLVO;CAVALLARO HNOS SACI;LAVADO DE ROPA
INSUPERABLE;JABONES EN POLVO;CAVALLARO HNOS SACI;LAVADO DE ROPA
INSUPERABLE;JABONES LIQUIDOS;CAVALLARO HNOS SACI;LAVADO DE ROPA
CAVALLARO;SUAVIZANTES;CAVALLARO HNOS SACI;LAVADO DE ROPA
MONARCA;NIDO;CEREALES S.A.;PASTAS SECAS
MONARCA;PASTAS CORTAS;CEREALES S.A.;PASTAS SECAS
MONARCA;PASTAS LARGAS;CEREALES S.A.;PASTAS SECAS
BIODEN;CREMA DENTAL;CIA PARAGUAYA DE COSMETICOS SA;HIGIENE BUCAL
MULTICREAM;BODY;CIA. PARAGUAYA DE COSMETICOS S.A.;CREMAS DE BELLEZA
ALITA;NORMAL;CIMA INDUSTRIAL S.A.C.;DETERGENTE LAVAVAJILLAS
ALITA;PASTILLAS;CIMA INDUSTRIAL S.A.C.;JABON DE TOCADOR
ALITA;JABONES LIQUIDOS;CIMA INDUSTRIAL S.A.C.;LAVADO DE ROPA
ALITA;SUAVIZANTES;CIMA INDUSTRIAL S.A.C.;LAVADO DE ROPA
CLARA;PAPEL HIGIENICO;CLARAMAX INDUSTRIA Y COMERCIO;PAPELES
ELEGIDO;NORMAL;CLEAN MAGIC SRL;DETERGENTE LAVAVAJILLAS
SALIENTE;NORMAL;CLEAN MAGIC SRL;DETERGENTE LAVAVAJILLAS
ELEGIDO;JABONES EN POLVO;CLEAN MAGIC SRL;LAVADO DE ROPA
ELEGIDO;JABONES LIQUIDOS;CLEAN MAGIC SRL;LAVADO DE ROPA
ELEGIDO;SUAVIZANTES;CLEAN MAGIC SRL;LAVADO DE ROPA
SPEED STICK;HOMBRE;COLGATE PALMOLIVE;DESODORANTE/ANTITRANSPIRANTE
LADY SPEED STICK;MUJER;COLGATE PALMOLIVE;DESODORANTE/ANTITRANSPIRANTE
SPEED STICK;MUJER;COLGATE PALMOLIVE;DESODORANTE/ANTITRANSPIRANTE
COLGATE;CEPILLO DENTAL;COLGATE PALMOLIVE;HIGIENE BUCAL
KOLYNOS;CEPILLO DENTAL;COLGATE PALMOLIVE;HIGIENE BUCAL
SORRISO;CEPILLO DENTAL;COLGATE PALMOLIVE;HIGIENE BUCAL
COLGATE;CREMA DENTAL;COLGATE PALMOLIVE;HIGIENE BUCAL
COLGATE TANDY;CREMA DENTAL;COLGATE PALMOLIVE;HIGIENE BUCAL
KOLYNOS;CREMA DENTAL;COLGATE PALMOLIVE;HIGIENE BUCAL
SORRISO;CREMA DENTAL;COLGATE PALMOLIVE;HIGIENE BUCAL
COLGATE;ENJUAGUE BUCAL;COLGATE PALMOLIVE;HIGIENE BUCAL
KOLYNOS;ENJUAGUE BUCAL;COLGATE PALMOLIVE;HIGIENE BUCAL
COLGATE;HILO DENTAL;COLGATE PALMOLIVE;HIGIENE BUCAL
COLGATE TANDY;HILO DENTAL;COLGATE PALMOLIVE;HIGIENE BUCAL
SORRISO;HILO DENTAL;COLGATE PALMOLIVE;HIGIENE BUCAL
PALMOLIVE;LIQUIDOS;COLGATE PALMOLIVE;JABON DE TOCADOR
PROTEX;LIQUIDOS;COLGATE PALMOLIVE;JABON DE TOCADOR
PALMOLIVE;PASTILLAS;COLGATE PALMOLIVE;JABON DE TOCADOR
PROTEX;PASTILLAS;COLGATE PALMOLIVE;JABON DE TOCADOR
PROTEX;PROTECTOR DIARIO;COLGATE PALMOLIVE;PROTECCION FEMENINA
PROTEX;PROTECTOR DIARIO;COLGATE PALMOLIVE;PROTECCION FEMENINA
SCHAR;PASTAS LARGAS;COLORCOM S.A.;PASTAS SECAS
MAYONESA FIEST;MAYONESA;COLPASA;ADEREZOS
OTRAS MARCAS;BODY;COMPAIA DISTRIBUIDORA DE PRODUCTOS S.R.L;CREMAS DE BELLEZA
OTRAS MARCAS;FACIAL;COMPAIA DISTRIBUIDORA DE PRODUCTOS S.R.L;CREMAS DE BELLEZA
CH;BODY;COMPER S. A. C. E I.;CREMAS DE BELLEZA
OTRAS MARCAS;BODY;COMPER S. A. C. E I.;CREMAS DE BELLEZA
CH;MANOS;COMPER S. A. C. E I.;CREMAS DE BELLEZA
S6;MEZCLA;CONTI PARAGUAY S. A.;aceites y vinagres
STOCK;MEZCLA;CONTI PARAGUAY S. A.;aceites y vinagres
SOL BLANCA;PASTAS CORTAS;COOP. AGR. DE PROD. SOMMERFELD LTDA;PASTAS SECAS
SOL BLANCA;NIDO;COOP. AGR. DE PROD. SOMMERFELD LTDA;PASTAS SECAS
SOL BLANCA;PASTAS LARGAS;COOP. AGR. DE PROD. SOMMERFELD LTDA;PASTAS SECAS
LIZA;CANOLA;COPALSA;aceites y vinagres
PURILEV;CANOLA;COPALSA;aceites y vinagres
LIZA;GIRASOL;COPALSA;aceites y vinagres
LIZA;MAIZ;COPALSA;aceites y vinagres
LIZA;OLIVA;COPALSA;aceites y vinagres
OLIVIA;OLIVA;COPALSA;aceites y vinagres
LIZA;SOJA;COPALSA;aceites y vinagres
PURILEV;SOJA;COPALSA;aceites y vinagres
DANICA;KETCHUP;COPALSA;ADEREZOS
D FIESTA;MAYONESA;COPALSA;ADEREZOS
DANICA;MAYONESA;COPALSA;ADEREZOS
DANICA FIESTA;MAYONESA;COPALSA;ADEREZOS
MAYODAN;MAYONESA;COPALSA;ADEREZOS
DANICA;MOSTAZA;COPALSA;ADEREZOS
MAYODAN;MOSTAZA;COPALSA;ADEREZOS
DANICA;SALSA GOLF;COPALSA;ADEREZOS
DANICA FIESTA;SALSA GOLF;COPALSA;ADEREZOS
COPRA;ESPECIALES;COPRA INDUSTRIA ALIMENTICIA LTDA;aceites y vinagres
DAILY;LIQUIDOS;COSTA MARFIL S.A DISTRIBUIDORA;JABON DE TOCADOR
DAILY;PASTILLAS;COSTA MARFIL S.A DISTRIBUIDORA;JABON DE TOCADOR
FLY COLOR;ACONDICIONADOR;DECIPROC PARAGUAY S.A.;CUIDADO CAPILAR
FLY COLOR;ACONDICIONADOR;DECIPROC PARAGUAY S.A.;CUIDADO CAPILAR
FLY COLOR;NULL;DECIPROC PARAGUAY S.A.;CUIDADO CAPILAR
CAMPO 9;NIDO;DEPOSITO SAN BLAS;PASTAS SECAS
CAMPO 9;PASTAS LARGAS;DEPOSITO SAN BLAS;PASTAS SECAS
CAMPO 9;PASTAS CORTAS;DEPOSITO SAN BLAS;PASTAS SECAS
CAPILATIS;NULL;DISTRIBUIDORA DEL SUR;CUIDADO CAPILAR
CAPILATIS;SHAMPOO;DISTRIBUIDORA DEL SUR;CUIDADO CAPILAR
CAPILATIS;SHAMPOO;DISTRIBUIDORA DEL SUR;CUIDADO CAPILAR
BLUE LINE;BODY;DISTRIBUIDORA DIRIGIDA S.A.;CREMAS DE BELLEZA
OTRAS MARCAS;BODY;DISTRIBUIDORA DIRIGIDA S.A.;CREMAS DE BELLEZA
BLUE LINE;FACIAL;DISTRIBUIDORA DIRIGIDA S.A.;CREMAS DE BELLEZA
JOHNSON & JOHNSON;SHAMPOO;DISTRIBUIDORA DIRIGIDA S.A.;CUIDADO CAPILAR
JOHNSON & JOHNSON;SHAMPOO;DISTRIBUIDORA DIRIGIDA S.A.;CUIDADO CAPILAR
CAREFREE;PROTECTOR DIARIO;DISTRIBUIDORA DIRIGIDA S.A.;PROTECCION FEMENINA
CAREFREE;PROTECTOR DIARIO;DISTRIBUIDORA DIRIGIDA S.A.;PROTECCION FEMENINA
SIEMPRE LIBRE;PROTECTOR DIARIO;DISTRIBUIDORA DIRIGIDA S.A.;PROTECCION FEMENINA
SIEMPRE LIBRE;PROTECTOR DIARIO;DISTRIBUIDORA DIRIGIDA S.A.;PROTECCION FEMENINA
O.B;TAMPONES;DISTRIBUIDORA DIRIGIDA S.A.;PROTECCION FEMENINA
O.B;TAMPONES;DISTRIBUIDORA DIRIGIDA S.A.;PROTECCION FEMENINA
SIEMPRE LIBRE;TOALLAS HIGI텙ICAS;DISTRIBUIDORA DIRIGIDA S.A.;PROTECCION FEMENINA
SIEMPRE LIBRE;TOALLAS HIGI텙ICAS;DISTRIBUIDORA DIRIGIDA S.A.;PROTECCION FEMENINA
JOHNSON & JOHNSON;CEPILLO DENTAL;DISTRIBUIDORA DIRIGIDA SA;HIGIENE BUCAL
LISTERINE;ENJUAGUE BUCAL;DISTRIBUIDORA DIRIGIDA SA;HIGIENE BUCAL
JOHNSON & JOHNSON;HILO DENTAL;DISTRIBUIDORA DIRIGIDA SA;HIGIENE BUCAL
JOHNSON & JOHNSON;LIQUIDOS;DISTRIBUIDORA DIRIGIDA SA;JABON DE TOCADOR
JOHNSON & JOHNSON;PASTILLAS;DISTRIBUIDORA DIRIGIDA SA;JABON DE TOCADOR
CAREFREE;NULL;DISTRIBUIDORA DIRIGIDA SA;PROTECCION FEMENINA
O.B.;NULL;DISTRIBUIDORA DIRIGIDA SA;PROTECCION FEMENINA
SIEMPRE LIBRE;NULL;DISTRIBUIDORA DIRIGIDA SA;PROTECCION FEMENINA
GALLO;OLIVA;DISTRIBUIDORA GLORIA S.A.;aceites y vinagres
PONTEVEDRA;KETCHUP;DISTRIBUIDORA INTERNACIONAL;ADEREZOS
PONTEVEDRA;MOSTAZA;DISTRIBUIDORA INTERNACIONAL;ADEREZOS
CICATRICURE;BODY;DISTRIBUIDORA LA POLICLINICA S. A.;CREMAS DE BELLEZA
DERMAGLOS;BODY;DISTRIBUIDORA LA POLICLINICA S. A.;CREMAS DE BELLEZA
GOICOCHEA;BODY;DISTRIBUIDORA LA POLICLINICA S. A.;CREMAS DE BELLEZA
CICATRICURE;FACIAL;DISTRIBUIDORA LA POLICLINICA S. A.;CREMAS DE BELLEZA
DERMAGLOS;FACIAL;DISTRIBUIDORA LA POLICLINICA S. A.;CREMAS DE BELLEZA
DERMAGLOS;MANOS;DISTRIBUIDORA LA POLICLINICA S. A.;CREMAS DE BELLEZA
DERMAGLOS;SOLAR;DISTRIBUIDORA LA POLICLINICA S. A.;CREMAS DE BELLEZA
TIO NACHO;NULL;DISTRIBUIDORA LA POLICLINICA S. A.;CUIDADO CAPILAR
TRIATOP;NULL;DISTRIBUIDORA LA POLICLINICA S. A.;CUIDADO CAPILAR
TIO NACHO;SHAMPOO;DISTRIBUIDORA LA POLICLINICA S. A.;CUIDADO CAPILAR
TIO NACHO;SHAMPOO;DISTRIBUIDORA LA POLICLINICA S. A.;CUIDADO CAPILAR
TRIATOP;SHAMPOO;DISTRIBUIDORA LA POLICLINICA S. A.;CUIDADO CAPILAR
TRIATOP;SHAMPOO;DISTRIBUIDORA LA POLICLINICA S. A.;CUIDADO CAPILAR
TIO NACHO;ACONDICIONADOR;DISTRIBUIDORA LA POLICLINICA S. A.      ;CUIDADO CAPILAR
TIO NACHO;ACONDICIONADOR;DISTRIBUIDORA LA POLICLINICA S. A.      ;CUIDADO CAPILAR
OTRAS MARCAS;FACIAL;DISTRIBUIDORA S.A.C.I;CREMAS DE BELLEZA
CAPILATIS;ACONDICIONADOR;DISTRIBUIDORA S.A.C.I;CUIDADO CAPILAR
CAPILATIS;ACONDICIONADOR;DISTRIBUIDORA S.A.C.I;CUIDADO CAPILAR
XANADU;ACONDICIONADOR;DISTRIBUIDORA S.A.C.I.;CUIDADO CAPILAR
XANADU;ACONDICIONADOR;DISTRIBUIDORA S.A.C.I.;CUIDADO CAPILAR
XANADU;SHAMPOO;DISTRIBUIDORA S.A.C.I.;CUIDADO CAPILAR
XANADU;SHAMPOO;DISTRIBUIDORA S.A.C.I.;CUIDADO CAPILAR
XANADU;NULL;DISTRIBUIDORA SACI;CUIDADO CAPILAR
LEGITIMO;GIRASOL;DSB NEGOCIOS S.A.;aceites y vinagres
EXCELLENT;OLIVA;EDESA SA;aceites y vinagres
NUCETE;OLIVA;EDESA SA;aceites y vinagres
POTI;PAPEL HIGIENICO;EDESA SA;PAPELES
SANI ROLL;PAPEL HIGIENICO;EDESA SA;PAPELES
NUTREGAL;PASTAS LARGAS;EDESA SA;PASTAS SECAS
NUTREGAL;PASTAS CORTAS;EDESA SA;PASTAS SECAS
BERTOLLI;OLIVA;EL IMPERIO S.A.;aceites y vinagres
CARBONELL;OLIVA;EL IMPERIO S.A.;aceites y vinagres
KUNHE;MOSTAZA;EL IMPERIO S.A.;ADEREZOS
BIOTROPIC;BODY;ESENCIAS  DEL SUR S.A.;CREMAS DE BELLEZA
ALFAPARF;ACONDICIONADOR;ESENCIAS  DEL SUR S.A.;CUIDADO CAPILAR
ALFAPARF;ACONDICIONADOR;ESENCIAS  DEL SUR S.A.;CUIDADO CAPILAR
ALFAPARF;SHAMPOO;ESENCIAS  DEL SUR S.A.;CUIDADO CAPILAR
ALFAPARF;SHAMPOO;ESENCIAS  DEL SUR S.A.;CUIDADO CAPILAR
ALFAPARF;NULL;ESENCIAS  DEL SUR SA;CUIDADO CAPILAR
FISHER PRICE;BODY;ESENCIAS DEL SUR S.A.;CREMAS DE BELLEZA
HENMY;PASTAS CORTAS;ESTABLECIMIENTO INDUSTRIAL HENMY S.A.;PASTAS SECAS
HENMY;PASTAS LARGAS;ESTABLECIMIENTO INDUSTRIAL HENMY S.A.;PASTAS SECAS
HENMY;NIDO;ESTABLECIMIENTO INDUSTRIAL HENMY S.A.;PASTAS SECAS
GAIA;PASTAS CORTAS;EXPRESS ALIMENTOS S.R.L.;PASTAS SECAS
GAIA;PASTAS LARGAS;EXPRESS ALIMENTOS S.R.L.;PASTAS SECAS
EXEL;FACIAL;FABRI SA;CREMAS DE BELLEZA
FEDERAL;PASTAS LARGAS;FAST SOLUTION SRL;PASTAS SECAS
FEDERAL;PASTAS CORTAS;FAST SOLUTION SRL;PASTAS SECAS
FEDERAL;NIDO;FAST SOLUTION SRL;PASTAS SECAS
NAPOLI;PASTAS CORTAS;FAST SOLUTION SRL;PASTAS SECAS
NAPOLI;NIDO;FAST SOLUTION SRL;PASTAS SECAS
NAPOLI;PASTAS LARGAS;FAST SOLUTION SRL;PASTAS SECAS
FIDESA;PASTAS LARGAS;FIDESA S.A.;PASTAS SECAS
FIDESA;PASTAS CORTAS;FIDESA S.A.;PASTAS SECAS
FIDESA;NIDO;FIDESA S.A.;PASTAS SECAS
CRECEPELO;SHAMPOO;FLORIDA TRADING S.A;CUIDADO CAPILAR
CRECEPELO;SHAMPOO;FLORIDA TRADING S.A;CUIDADO CAPILAR
MAYOLIVA;SHAMPOO;FLORIDA TRADING S.A;CUIDADO CAPILAR
MAYOLIVA;SHAMPOO;FLORIDA TRADING S.A;CUIDADO CAPILAR
CRECEPELO;ACONDICIONADOR;FLORIDA TRADING S.A.;CUIDADO CAPILAR
CRECEPELO;ACONDICIONADOR;FLORIDA TRADING S.A.;CUIDADO CAPILAR
MAYOLIVA;NULL;FLORIDA TRADING S.A.;CUIDADO CAPILAR
CRECEPELO;NULL;FLORIDA TRADING SA;CUIDADO CAPILAR
PERITA;KETCHUP;FRUTIKA S R L;ADEREZOS
JERGENS;BODY;GALERIAS GUARANI S.A.;CREMAS DE BELLEZA
REVLON;BODY;GALERIAS GUARANI S.A.;CREMAS DE BELLEZA
SALLY HANSEN;BODY;GALERIAS GUARANI S.A.;CREMAS DE BELLEZA
TRIM;BODY;GALERIAS GUARANI S.A.;CREMAS DE BELLEZA
ALWAY;FACIAL;GALERIAS GUARANI S.A.;CREMAS DE BELLEZA
OTRAS MARCAS;FACIAL;GALERIAS GUARANI S.A.;CREMAS DE BELLEZA
REVLON;FACIAL;GALERIAS GUARANI S.A.;CREMAS DE BELLEZA
SALLY HANSEN;FACIAL;GALERIAS GUARANI S.A.;CREMAS DE BELLEZA
TRIM;FACIAL;GALERIAS GUARANI S.A.;CREMAS DE BELLEZA
REVLON;MANOS;GALERIAS GUARANI S.A.;CREMAS DE BELLEZA
SALLY HANSEN;MANOS;GALERIAS GUARANI S.A.;CREMAS DE BELLEZA
REVLON;ACONDICIONADOR;GALERIAS GUARANI S.A.;CUIDADO CAPILAR
REVLON;ACONDICIONADOR;GALERIAS GUARANI S.A.;CUIDADO CAPILAR
SILKEY;ACONDICIONADOR;GALERIAS GUARANI S.A.;CUIDADO CAPILAR
SILKEY;ACONDICIONADOR;GALERIAS GUARANI S.A.;CUIDADO CAPILAR
REVLON;SHAMPOO;GALERIAS GUARANI S.A.;CUIDADO CAPILAR
REVLON;SHAMPOO;GALERIAS GUARANI S.A.;CUIDADO CAPILAR
SILKEY;SHAMPOO;GALERIAS GUARANI S.A.;CUIDADO CAPILAR
SILKEY;SHAMPOO;GALERIAS GUARANI S.A.;CUIDADO CAPILAR
PAM;OLIVA;GALERIAS GUARANI SA;aceites y vinagres
HUNTS;KETCHUP;GALERIAS GUARANI SA;ADEREZOS
REVLON;NULL;GALERIAS GUARANI SA;CUIDADO CAPILAR
SILKEY;NULL;GALERIAS GUARANI SA;CUIDADO CAPILAR
ADIDAS;HOMBRE;GALERIAS GUARANI SA;DESODORANTE/ANTITRANSPIRANTE
HI DRY;HOMBRE;GALERIAS GUARANI SA;DESODORANTE/ANTITRANSPIRANTE
MITCHUM;HOMBRE;GALERIAS GUARANI SA;DESODORANTE/ANTITRANSPIRANTE
ADIDAS;MUJER;GALERIAS GUARANI SA;DESODORANTE/ANTITRANSPIRANTE
HI DRY;MUJER;GALERIAS GUARANI SA;DESODORANTE/ANTITRANSPIRANTE
MITCHUM;MUJER;GALERIAS GUARANI SA;DESODORANTE/ANTITRANSPIRANTE
LAGRIMAS DEL SOL;GIRASOL;GENTE DE LA PAMPA;aceites y vinagres
LAGRIMAS DEL SOL;MEZCLA;GENTE DE LA PAMPA;aceites y vinagres
LAGRIMAS DEL SOL;MAYONESA;GENTE DE LA PAMPA;ADEREZOS
POISE;TOALLAS HIGI텙ICAS;GLORIA S.A.C.E.I.;PROTECCION FEMENINA
POISE;TOALLAS HIGI텙ICAS;GLORIA S.A.C.E.I.;PROTECCION FEMENINA
OTRAS MARCAS;MANOS;GLORIA SACI;CREMAS DE BELLEZA
GIGANTE;NORMAL;GLORIA SACI;DETERGENTE LAVAVAJILLAS
DESINGEL;LIQUIDOS;GLORIA SACI;JABON DE TOCADOR
DESINGEL;PASTILLAS;GLORIA SACI;JABON DE TOCADOR
DUC;PASTILLAS;GLORIA SACI;JABON DE TOCADOR
KENIA;PASTILLAS;GLORIA SACI;JABON DE TOCADOR
GIGANTE;JABONES LIQUIDOS;GLORIA SACI;LAVADO DE ROPA
GIGANTE;SUAVIZANTES;GLORIA SACI;LAVADO DE ROPA
MIMO;INFANTILES;GLORIA SACI;PA헤LES
PUPY;INFANTILES;GLORIA SACI;PA헤LES
MIMOSA;PROTECTOR DIARIO;GLORIA SACI;PROTECCION FEMENINA
MIMOSA;PROTECTOR DIARIO;GLORIA SACI;PROTECCION FEMENINA
MIMOSA;TOALLAS HIGI텙ICAS;GLORIA SACI;PROTECCION FEMENINA
MIMOSA;TOALLAS HIGI텙ICAS;GLORIA SACI;PROTECCION FEMENINA
HINDS;BODY;HEISECKE Y CIA;CREMAS DE BELLEZA
HINDS;MANOS;HEISECKE Y CIA;CREMAS DE BELLEZA
PIETRO CORICELLI;OLIVA;HERRERA AGROCOMERCIAL;aceites y vinagres
HILDEBRAND;NIDO;HILAGRO S.A.;PASTAS SECAS
HILDEBRAND;PASTAS LARGAS;HILAGRO S.A.;PASTAS SECAS
HILDEBRAND;PASTAS CORTAS;HILAGRO S.A.;PASTAS SECAS
HOGERZEIL;SESAMO;HOGERZEIL   TIMM HENDRIK;aceites y vinagres
FINA;COMESTIBLE;HyL ALIMENTOS;aceites y vinagres
FINA;GIRASOL;HyL ALIMENTOS;aceites y vinagres
FINA;MEZCLA;HyL ALIMENTOS;aceites y vinagres
FINA;SOJA;HyL ALIMENTOS;aceites y vinagres
AVENO;FACIAL;IADELPA S. A. I. C. E. C. A.;CREMAS DE BELLEZA
OTRAS MARCAS;SOLAR;IADELPA S. A. I. C. E. C. A.;CREMAS DE BELLEZA
OTRAS MARCAS;BODY;ICARO INTERNACIONAL S. R. L.;CREMAS DE BELLEZA
PIETRO CORICELLI;PASTAS LARGAS;IL MONDO;PASTAS SECAS
PIETRO CORICELLI;PASTAS CORTAS;IL MONDO;PASTAS SECAS
CAMPEON;NORMAL;INCA HOUSEHOLD S.R.L.;DETERGENTE LAVAVAJILLAS
ULTRA;NORMAL;INCA HOUSEHOLD S.R.L.;DETERGENTE LAVAVAJILLAS
MBOCAYA;PASTILLAS;INCA HOUSEHOLD S.R.L.;JABON DE TOCADOR
CAMPEON;JABONES EN POLVO;INCA HOUSEHOLD S.R.L.;LAVADO DE ROPA
CAMPEON;JABONES LIQUIDOS;INCA HOUSEHOLD S.R.L.;LAVADO DE ROPA
INCABRIL;NORMAL;INCA HOUSEHOLD SRL;DETERGENTE LAVAVAJILLAS
AROMA;LIQUIDOS;INCA HOUSEHOLD SRL;JABON DE TOCADOR
AROMA;PASTILLAS;INCA HOUSEHOLD SRL;JABON DE TOCADOR
COCOINCA;PASTILLAS;INCA HOUSEHOLD SRL;JABON DE TOCADOR
INCABLANK;JABONES EN POLVO;INCA HOUSEHOLD SRL;LAVADO DE ROPA
PACHOLI;JABONES EN POLVO;INCA HOUSEHOLD SRL;LAVADO DE ROPA
YPACARAI;JABONES EN POLVO;INCA HOUSEHOLD SRL;LAVADO DE ROPA
PACHOLI;JABONES LIQUIDOS;INCA HOUSEHOLD SRL;LAVADO DE ROPA
POMPITA;JABONES LIQUIDOS;INCA HOUSEHOLD SRL;LAVADO DE ROPA
POMPITA;SUAVIZANTES;INCA HOUSEHOLD SRL;LAVADO DE ROPA
CANUELAS;GIRASOL;INDEGA SA;aceites y vinagres
PRIMICIA;GIRASOL;INDEGA SA;aceites y vinagres
PRIMICIA;MEZCLA;INDEGA SA;aceites y vinagres
CANUELAS;OLIVA;INDEGA SA;aceites y vinagres
PRIMICIA;SOJA;INDEGA SA;aceites y vinagres
PRIMICIA;KETCHUP;INDEGA SA;ADEREZOS
PRIMICIA;MOSTAZA;INDEGA SA;ADEREZOS
GIRANDO SOL;NORMAL;INDEGA SA;DETERGENTE LAVAVAJILLAS
GIRANDO SOL;JABONES EN POLVO;INDEGA SA;LAVADO DE ROPA
GIRANDO SOL;JABONES LIQUIDOS;INDEGA SA;LAVADO DE ROPA
GIRANDO SOL;SUAVIZANTES;INDEGA SA;LAVADO DE ROPA
PETALOS;PAPEL HIGIENICO;INDEGA SA;PAPELES
VENEZIA;PAPEL HIGIENICO;INDEGA SA;PAPELES
DERMAFAR;BODY;INDUFAR  C.I.S.A;CREMAS DE BELLEZA
DAMA;PAPEL HIGIENICO;INDUSTRIAL DELIGHTS S.A.;PAPELES
LUCERO;LIQUIDOS;INDUSTRIAS LIDER S A;JABON DE TOCADOR
LUCERO;PASTILLAS;INDUSTRIAS LIDER S A;JABON DE TOCADOR
OTRAS MARCAS;MANOS;INDUSTRIAS LIDER S. A.;CREMAS DE BELLEZA
CANDELA;CONCENTRADOS;IQUAL SA;DETERGENTE LAVAVAJILLAS
CANDELA;SUAVIZANTES;IQUAL SA;LAVADO DE ROPA
ZITRON;CONCENTRADOS;IRIS SACI;DETERGENTE LAVAVAJILLAS
ZITRON;NORMAL;IRIS SACI;DETERGENTE LAVAVAJILLAS
ZITRON;JABONES EN POLVO;IRIS SACI;LAVADO DE ROPA
ZITRON;JABONES LIQUIDOS;IRIS SACI;LAVADO DE ROPA
ZITRON;SUAVIZANTES;IRIS SACI;LAVADO DE ROPA
OTRAS MARCAS;BODY;J.D. IMPORT-EXPORT S.A;CREMAS DE BELLEZA
LA COSTA DEL SOL;GIRASOL;JG IMPORTACIONES;aceites y vinagres
JOHNSON;BODY;JOHNSON & JOHNSON;CREMAS DE BELLEZA
NEUTROGENA;BODY;JOHNSON & JOHNSON;CREMAS DE BELLEZA
OTRAS MARCAS;BODY;JOHNSON & JOHNSON;CREMAS DE BELLEZA
SPLENDA;BODY;JOHNSON & JOHNSON;CREMAS DE BELLEZA
SUNDOWN;BODY;JOHNSON & JOHNSON;CREMAS DE BELLEZA
CLEAN & CLEAR;FACIAL;JOHNSON & JOHNSON;CREMAS DE BELLEZA
JOHNSON;FACIAL;JOHNSON & JOHNSON;CREMAS DE BELLEZA
NEUTROGENA;FACIAL;JOHNSON & JOHNSON;CREMAS DE BELLEZA
OTRAS MARCAS;FACIAL;JOHNSON & JOHNSON;CREMAS DE BELLEZA
SPLENDA;FACIAL;JOHNSON & JOHNSON;CREMAS DE BELLEZA
NEUTROGENA;MANOS;JOHNSON & JOHNSON;CREMAS DE BELLEZA
OTRAS MARCAS;MANOS;JOHNSON & JOHNSON;CREMAS DE BELLEZA
JOHNSON;SOLAR;JOHNSON & JOHNSON;CREMAS DE BELLEZA
NEUTROGENA;SOLAR;JOHNSON & JOHNSON;CREMAS DE BELLEZA
SPLENDA;SOLAR;JOHNSON & JOHNSON;CREMAS DE BELLEZA
SUNDOWN;SOLAR;JOHNSON & JOHNSON;CREMAS DE BELLEZA
DR.SELBY;BODY;JOSE RUOTI Y CIA;CREMAS DE BELLEZA
GRISI;BODY;JOSE RUOTI Y CIA;CREMAS DE BELLEZA
LACTOVIT;BODY;JOSE RUOTI Y CIA;CREMAS DE BELLEZA
MAJA;BODY;JOSE RUOTI Y CIA;CREMAS DE BELLEZA
LACTOVIT;MANOS;JOSE RUOTI Y CIA;CREMAS DE BELLEZA
MAJA;MANOS;JOSE RUOTI Y CIA;CREMAS DE BELLEZA
LACTOVIT;HOMBRE;JOSE RUOTI Y CIA. S. A.;DESODORANTE/ANTITRANSPIRANTE
MAJA;HOMBRE;JOSE RUOTI Y CIA. S. A.;DESODORANTE/ANTITRANSPIRANTE
VORAGO;HOMBRE;JOSE RUOTI Y CIA. S. A.;DESODORANTE/ANTITRANSPIRANTE
LACTOVIT;MUJER;JOSE RUOTI Y CIA. S. A.;DESODORANTE/ANTITRANSPIRANTE
MAJA;MUJER;JOSE RUOTI Y CIA. S. A.;DESODORANTE/ANTITRANSPIRANTE
MORNING KISS;CEPILLO DENTAL;JOSE RUOTI Y CIA. S. A.;HIGIENE BUCAL
MORNING KISS;HILO DENTAL;JOSE RUOTI Y CIA. S. A.;HIGIENE BUCAL
GENESSE;LIQUIDOS;JOSE RUOTI Y CIA. S. A.;JABON DE TOCADOR
GRISI;LIQUIDOS;JOSE RUOTI Y CIA. S. A.;JABON DE TOCADOR
HENNO DE PRAVIA;LIQUIDOS;JOSE RUOTI Y CIA. S. A.;JABON DE TOCADOR
LACTOVIT;LIQUIDOS;JOSE RUOTI Y CIA. S. A.;JABON DE TOCADOR
MAJA;LIQUIDOS;JOSE RUOTI Y CIA. S. A.;JABON DE TOCADOR
NEUTRO GRISI;LIQUIDOS;JOSE RUOTI Y CIA. S. A.;JABON DE TOCADOR
GRISI;PASTILLAS;JOSE RUOTI Y CIA. S. A.;JABON DE TOCADOR
HENNO DE PRAVIA;PASTILLAS;JOSE RUOTI Y CIA. S. A.;JABON DE TOCADOR
MAJA;PASTILLAS;JOSE RUOTI Y CIA. S. A.;JABON DE TOCADOR
NEUTRO GRISI;PASTILLAS;JOSE RUOTI Y CIA. S. A.;JABON DE TOCADOR
LYCIA;TOALLAS HIGI텙ICAS;JOSE RUOTI Y CIA. S. A.;PROTECCION FEMENINA
LYCIA;TOALLAS HIGI텙ICAS;JOSE RUOTI Y CIA. S. A.;PROTECCION FEMENINA
BORGES;OLIVA;LA CAOBA;aceites y vinagres
ANTONIO AMATO;PASTAS LARGAS;LA CAOBA;PASTAS SECAS
ANTONIO AMATO;PASTAS CORTAS;LA CAOBA;PASTAS SECAS
BORGES;PASTAS LARGAS;LA CAOBA;PASTAS SECAS
ANDEANS;BODY;LA CAOBA S.A.I.C.;CREMAS DE BELLEZA
EMOLAN;BODY;LA CAOBA S.A.I.C.;CREMAS DE BELLEZA
ANDEANS;FACIAL;LA CAOBA S.A.I.C.;CREMAS DE BELLEZA
ANDEANS;MANOS;LA CAOBA S.A.I.C.;CREMAS DE BELLEZA
EMOLAN;SOLAR;LA CAOBA S.A.I.C.;CREMAS DE BELLEZA
BODY FANTASIES;BODY;LA GIOCONDA SA;CREMAS DE BELLEZA
WOOLITE;JABONES LIQUIDOS;LA MERCANTIL DEL ESTE S.A.;LAVADO DE ROPA
WOOLITE;SUAVIZANTES;LA MERCANTIL DEL ESTE S.A.;LAVADO DE ROPA
FOFINHO;PAPEL HIGIENICO;LA MERCANTIL DEL ESTE S.A.;PAPELES
SUBLIME;PAPEL HIGIENICO;LA MERCANTIL DEL ESTE S.A.;PAPELES
AMITA;CONCENTRADOS;LAB.TECNO INDUSTRIAL;DETERGENTE LAVAVAJILLAS
AMITA;NORMAL;LAB.TECNO INDUSTRIAL;DETERGENTE LAVAVAJILLAS
BALI;LIQUIDOS;LAB.TECNO INDUSTRIAL;JABON DE TOCADOR
AMITA;PASTILLAS;LAB.TECNO INDUSTRIAL;JABON DE TOCADOR
AMITA;JABONES EN POLVO;LAB.TECNO INDUSTRIAL;LAVADO DE ROPA
AMITA;JABONES LIQUIDOS;LAB.TECNO INDUSTRIAL;LAVADO DE ROPA
AMITA;SUAVIZANTES;LAB.TECNO INDUSTRIAL;LAVADO DE ROPA
OTRAS MARCAS;BODY;LABORATORIO COSTANZO EIRL;CREMAS DE BELLEZA
LIA;NORMAL;LABORATORIOS TECNO INDUSTRIAL S. A.;DETERGENTE LAVAVAJILLAS
CAPILATIS;BODY;LAGE A. JORGE - DISTRIBUIDORA DEL SUR;CREMAS DE BELLEZA
BARROCUTINA;FACIAL;LAGE A. JORGE - DISTRIBUIDORA DEL SUR;CREMAS DE BELLEZA
CAPILATIS;FACIAL;LAGE A. JORGE - DISTRIBUIDORA DEL SUR;CREMAS DE BELLEZA
CAPILATIS;MANOS;LAGE A. JORGE - DISTRIBUIDORA DEL SUR;CREMAS DE BELLEZA
CAPILATIS;SOLAR;LAGE A. JORGE - DISTRIBUIDORA DEL SUR;CREMAS DE BELLEZA
VICENTIN;GIRASOL;LOBA S.A.;aceites y vinagres
BUBLE BATH;NULL;LOBA S.A.;CUIDADO CAPILAR
LAVA 1000;CONCENTRADOS;LOBA S.A.;DETERGENTE LAVAVAJILLAS
BUBLE BATH;NORMAL;LOBA S.A.;DETERGENTE LAVAVAJILLAS
LAVA 1000;NORMAL;LOBA S.A.;DETERGENTE LAVAVAJILLAS
BUBLE BATH;SUAVIZANTES;LOBA S.A.;LAVADO DE ROPA
CACIA;PAPEL HIGIENICO;LOBA S.A.;PAPELES
LAVA 1000;PAPEL HIGIENICO;LOBA S.A.;PAPELES
SOL;PAPEL HIGIENICO;LOBA S.A.;PAPELES
LAS ACACIAS;PASTAS LARGAS;LONDON IMPORT S.A.;PASTAS SECAS
LAS ACACIAS;NIDO;LONDON IMPORT S.A.;PASTAS SECAS
LAS ACACIAS;PASTAS CORTAS;LONDON IMPORT S.A.;PASTAS SECAS
LA ESPANOLA;OLIVA;LONDON IMPORT SA;aceites y vinagres
OLICA;OLIVA;LONDON IMPORT SA;aceites y vinagres
ZUCCARDI;OLIVA;LONDON IMPORT SA;aceites y vinagres
ZUELO;OLIVA;LONDON IMPORT SA;aceites y vinagres
COAMO;SOJA;LONDON IMPORT SA;aceites y vinagres
TANGO;FACIAL;LOS ALMENDROS S.A.;CREMAS DE BELLEZA
CAROLINE;MUJER;M.A.A.H.S.A.;DESODORANTE/ANTITRANSPIRANTE
MEGAKLEEN;CONCENTRADOS;M.A.A.H.S.A.;DETERGENTE LAVAVAJILLAS
MEGAKLEEN;NORMAL;M.A.A.H.S.A.;DETERGENTE LAVAVAJILLAS
VANITY;LIQUIDOS;M.A.A.H.S.A.;JABON DE TOCADOR
VANITY;PASTILLAS;M.A.A.H.S.A.;JABON DE TOCADOR
KINDER;JABONES EN POLVO;M.A.A.H.S.A.;LAVADO DE ROPA
MOROTI;JABONES EN POLVO;M.A.A.H.S.A.;LAVADO DE ROPA
ADA;JABONES LIQUIDOS;M.A.A.H.S.A.;LAVADO DE ROPA
KINDER;JABONES LIQUIDOS;M.A.A.H.S.A.;LAVADO DE ROPA
MOROTI;JABONES LIQUIDOS;M.A.A.H.S.A.;LAVADO DE ROPA
ADA;SUAVIZANTES;M.A.A.H.S.A.;LAVADO DE ROPA
KINDER;SUAVIZANTES;M.A.A.H.S.A.;LAVADO DE ROPA
MOROTI;SUAVIZANTES;M.A.A.H.S.A.;LAVADO DE ROPA
OTRAS MARCAS;BODY;MAAHSA;CREMAS DE BELLEZA
DALY;LIQUIDOS;MAHASA;JABON DE TOCADOR
RISQUE;BODY;MAIN QAS;CREMAS DE BELLEZA
RISQUE;MANOS;MAIN QAS;CREMAS DE BELLEZA
AMBER;BODY;MANNAH SRL;CREMAS DE BELLEZA
GAP;BODY;MANNAH SRL;CREMAS DE BELLEZA
HEAVENLY CHARM;BODY;MANNAH SRL;CREMAS DE BELLEZA
INTIMATE;BODY;MANNAH SRL;CREMAS DE BELLEZA
OTRAS MARCAS;BODY;MANNAH SRL;CREMAS DE BELLEZA
PEAR TEMPTATION;BODY;MANNAH SRL;CREMAS DE BELLEZA
SCENT;BODY;MANNAH SRL;CREMAS DE BELLEZA
GAP;FACIAL;MANNAH SRL;CREMAS DE BELLEZA
INTIMATE;FACIAL;MANNAH SRL;CREMAS DE BELLEZA
GAP;MANOS;MANNAH SRL;CREMAS DE BELLEZA
FERRARI;ACONDICIONADOR;MANNAH SRL;CUIDADO CAPILAR
FERRARI;ACONDICIONADOR;MANNAH SRL;CUIDADO CAPILAR
FERRARI;NULL;MANNAH SRL;CUIDADO CAPILAR
FERRARI;SHAMPOO;MANNAH SRL;CUIDADO CAPILAR
FERRARI;SHAMPOO;MANNAH SRL;CUIDADO CAPILAR
BRUT;HOMBRE;MANNAH SRL;DESODORANTE/ANTITRANSPIRANTE
TABASCO;MAYONESA;MC HENRY COMPANY;ADEREZOS
TABASCO;MOSTAZA;MC HENRY COMPANY;ADEREZOS
PRAMESA;KETCHUP;MERCADO PLUS S. A.;ADEREZOS
ALSAMAR;GIRASOL;MG S.R.L.;aceites y vinagres
BABY BUE;SHAMPOO;MIMABA S.R.L.;CUIDADO CAPILAR
BABY BUE;SHAMPOO;MIMABA S.R.L.;CUIDADO CAPILAR
BABY BLUE;LIQUIDOS;MIMABA S.R.L.;JABON DE TOCADOR
KENKO;KETCHUP;MONTANA S.A.;ADEREZOS
CRISTAL;NORMAL;MONTANA S.A.;DETERGENTE LAVAVAJILLAS
ENZIMAX;JABONES EN POLVO;MONTANA S.A.;LAVADO DE ROPA
ENZIMAX;JABONES LIQUIDOS;MONTANA S.A.;LAVADO DE ROPA
GRANORO;PASTAS LARGAS;MONTANA S.A.;PASTAS SECAS
OTRAS MARCAS;BODY;MONTEJO TORRES ANTONIO - INPROFAR;CREMAS DE BELLEZA
MUELOLIVA;OLIVA;MUELA OLIVES SRL;aceites y vinagres
MAGGI;CALDOS;NESTLE PARAGUAY SA;CALDOS/SOPAS/PURE
MAGGI;SOPAS;NESTLE PARAGUAY SA;CALDOS/SOPAS/PURE
MAGGI;PASTAS CORTAS;NESTLE PARAGUAY SA;PASTAS SECAS
CONTOUR;CEPILLO DENTAL;NEXT LEVEL SA;HIGIENE BUCAL
FLUORODINE;CEPILLO DENTAL;NEXT LEVEL SA;HIGIENE BUCAL
BARILLA;PASTAS LARGAS;NICOVINOS S.A.;PASTAS SECAS
BARILLA;NIDO;NICOVINOS S.A.;PASTAS SECAS
BARILLA;PASTAS CORTAS;NICOVINOS S.A.;PASTAS SECAS
BARILLA;MOSTAZA;NICOVINOS SA;ADEREZOS
LA ESPA헲LA;BODY;NILCOS S.R.L.;CREMAS DE BELLEZA
ROC;FACIAL;NILCOS S.R.L.;CREMAS DE BELLEZA
BALLERINA;ACONDICIONADOR;NILCOS S.R.L.;CUIDADO CAPILAR
BALLERINA;ACONDICIONADOR;NILCOS S.R.L.;CUIDADO CAPILAR
BALLERINA;NULL;NILCOS S.R.L.;CUIDADO CAPILAR
BALLERINA;SHAMPOO;NILCOS S.R.L.;CUIDADO CAPILAR
BALLERINA;SHAMPOO;NILCOS S.R.L.;CUIDADO CAPILAR
JOHNSON;SHAMPOO;NILCOS S.R.L.;CUIDADO CAPILAR
JOHNSON;SHAMPOO;NILCOS S.R.L.;CUIDADO CAPILAR
BALLERINA;LIQUIDOS;NILCOS S.R.L.;JABON DE TOCADOR
BALLERINA;PASTILLAS;NILCOS S.R.L.;JABON DE TOCADOR
TOSCANO;OLIVA;OA IMPORT S A;aceites y vinagres
ODONTIC;CEPILLO DENTAL;OA IMPORT S A;HIGIENE BUCAL
ENVOLOV;SUAVIZANTES;OA IMPORT S A;LAVADO DE ROPA
BIOSAN;ADULTOS;OA IMPORT S A;PA헤LES
CAPRICHO;ADULTOS;OA IMPORT S A;PA헤LES
COMODIN;ADULTOS;OA IMPORT S A;PA헤LES
FITCARE;ADULTOS;OA IMPORT S A;PA헤LES
BIOSAN;INFANTILES;OA IMPORT S A;PA헤LES
CAPRICHO;INFANTILES;OA IMPORT S A;PA헤LES
FITCARE;INFANTILES;OA IMPORT S A;PA헤LES
DUEPLUS;PAPEL HIGIENICO;OA IMPORT S A;PAPELES
DUETTO;PAPEL HIGIENICO;OA IMPORT S A;PAPELES
CONDOR;CEPILLO DENTAL;OA IMPORT S. A.;HIGIENE BUCAL
CONDOR;CREMA DENTAL;OA IMPORT S. A.;HIGIENE BUCAL
CONDOR;HILO DENTAL;OA IMPORT S. A.;HIGIENE BUCAL
BIO;ADULTOS;OA IMPORT S. A.;PA헤LES
PALOMA;PAPEL HIGIENICO;OA IMPORT S. A.;PAPELES
OTRAS MARCAS;BODY;OSAI S. A.;CREMAS DE BELLEZA
PAMELA GRANT;BODY;OSAI S. A.;CREMAS DE BELLEZA
OTRAS MARCAS;FACIAL;OSAI S. A.;CREMAS DE BELLEZA
PAMELA GRANT;FACIAL;OSAI S. A.;CREMAS DE BELLEZA
PAMELA GRANT;MANOS;OSAI S. A.;CREMAS DE BELLEZA
SALADA;GIRASOL;OSMAN TRADING SRL;aceites y vinagres
SALADA;SOJA;OSMAN TRADING SRL;aceites y vinagres
URCA;JABONES LIQUIDOS;OSMAN TRADING SRL;LAVADO DE ROPA
URCA;SUAVIZANTES;OSMAN TRADING SRL;LAVADO DE ROPA
SUAVIT;CANOLA;OTROS PROVEEDORES;aceites y vinagres
CEPERA;ESPECIALES;OTROS PROVEEDORES;aceites y vinagres
LOS PIONEROS;ESPECIALES;OTROS PROVEEDORES;aceites y vinagres
MACADAMIAS;ESPECIALES;OTROS PROVEEDORES;aceites y vinagres
SESAITE;ESPECIALES;OTROS PROVEEDORES;aceites y vinagres
COINCO;GIRASOL;OTROS PROVEEDORES;aceites y vinagres
COSTA DEL SOL;GIRASOL;OTROS PROVEEDORES;aceites y vinagres
EDUARDO;GIRASOL;OTROS PROVEEDORES;aceites y vinagres
EL BUEN SABOR;GIRASOL;OTROS PROVEEDORES;aceites y vinagres
FAMILIAR;GIRASOL;OTROS PROVEEDORES;aceites y vinagres
MACADAMIAS;GIRASOL;OTROS PROVEEDORES;aceites y vinagres
MAROLIO;GIRASOL;OTROS PROVEEDORES;aceites y vinagres
MOLTO;GIRASOL;OTROS PROVEEDORES;aceites y vinagres
SUAVIT;GIRASOL;OTROS PROVEEDORES;aceites y vinagres
VACAREL;GIRASOL;OTROS PROVEEDORES;aceites y vinagres
CEPERA;MAIZ;OTROS PROVEEDORES;aceites y vinagres
MAZA;MAIZ;OTROS PROVEEDORES;aceites y vinagres
EL BUEN SABOR;MEZCLA;OTROS PROVEEDORES;aceites y vinagres
LOS ABUELOS;MEZCLA;OTROS PROVEEDORES;aceites y vinagres
MACADAMIAS;NUEZ;OTROS PROVEEDORES;aceites y vinagres
CEPERA;OLIVA;OTROS PROVEEDORES;aceites y vinagres
GOVIA;OLIVA;OTROS PROVEEDORES;aceites y vinagres
MACADAMIAS;OLIVA;OTROS PROVEEDORES;aceites y vinagres
PONS;OLIVA;OTROS PROVEEDORES;aceites y vinagres
BAMBOO GARDEN;SESAMO;OTROS PROVEEDORES;aceites y vinagres
CEPERA;SESAMO;OTROS PROVEEDORES;aceites y vinagres
SESAITE;SESAMO;OTROS PROVEEDORES;aceites y vinagres
LOS ABUELOS;SOJA;OTROS PROVEEDORES;aceites y vinagres
PERIMICIA;SOJA;OTROS PROVEEDORES;aceites y vinagres
SUAVT;SOJA;OTROS PROVEEDORES;aceites y vinagres
CALCUTA;KETCHUP;OTROS PROVEEDORES;ADEREZOS
CEPERA;KETCHUP;OTROS PROVEEDORES;ADEREZOS
CIAFRIOS;KETCHUP;OTROS PROVEEDORES;ADEREZOS
DON PERITA;KETCHUP;OTROS PROVEEDORES;ADEREZOS
FRENCHS;KETCHUP;OTROS PROVEEDORES;ADEREZOS
SAKURA;KETCHUP;OTROS PROVEEDORES;ADEREZOS
CEPERA;MAYONESA;OTROS PROVEEDORES;ADEREZOS
MANLEYS;MAYONESA;OTROS PROVEEDORES;ADEREZOS
SALAT;MAYONESA;OTROS PROVEEDORES;ADEREZOS
CALCUTA;MOSTAZA;OTROS PROVEEDORES;ADEREZOS
CEPERA;MOSTAZA;OTROS PROVEEDORES;ADEREZOS
FRENCHS;MOSTAZA;OTROS PROVEEDORES;ADEREZOS
HENGSTENBERG;MOSTAZA;OTROS PROVEEDORES;ADEREZOS
KIIHNE;MOSTAZA;OTROS PROVEEDORES;ADEREZOS
KIKKOMAN;MOSTAZA;OTROS PROVEEDORES;ADEREZOS
TONOLI;MOSTAZA;OTROS PROVEEDORES;ADEREZOS
ACTIVE;BODY;OTROS PROVEEDORES;CREMAS DE BELLEZA
ALMAY;BODY;OTROS PROVEEDORES;CREMAS DE BELLEZA
AVENE;BODY;OTROS PROVEEDORES;CREMAS DE BELLEZA
BAGOVIT;BODY;OTROS PROVEEDORES;CREMAS DE BELLEZA
BELL SOFT;BODY;OTROS PROVEEDORES;CREMAS DE BELLEZA
DIADERMINE;BODY;OTROS PROVEEDORES;CREMAS DE BELLEZA
ELANCYL;BODY;OTROS PROVEEDORES;CREMAS DE BELLEZA
INTENZA;BODY;OTROS PROVEEDORES;CREMAS DE BELLEZA
LINEANCE;BODY;OTROS PROVEEDORES;CREMAS DE BELLEZA
NATE NATURALS;BODY;OTROS PROVEEDORES;CREMAS DE BELLEZA
NOXZEMA;BODY;OTROS PROVEEDORES;CREMAS DE BELLEZA
OTRAS MARCAS;BODY;OTROS PROVEEDORES;CREMAS DE BELLEZA
SKIN;BODY;OTROS PROVEEDORES;CREMAS DE BELLEZA
ULTRAVIE;BODY;OTROS PROVEEDORES;CREMAS DE BELLEZA
ACTIVE;FACIAL;OTROS PROVEEDORES;CREMAS DE BELLEZA
ALMAY;FACIAL;OTROS PROVEEDORES;CREMAS DE BELLEZA
ARENS;FACIAL;OTROS PROVEEDORES;CREMAS DE BELLEZA
AVENE;FACIAL;OTROS PROVEEDORES;CREMAS DE BELLEZA
BAGOVIT;FACIAL;OTROS PROVEEDORES;CREMAS DE BELLEZA
CLINIANS;FACIAL;OTROS PROVEEDORES;CREMAS DE BELLEZA
EAU;FACIAL;OTROS PROVEEDORES;CREMAS DE BELLEZA
ELANCYL;FACIAL;OTROS PROVEEDORES;CREMAS DE BELLEZA
ETREBELLE;FACIAL;OTROS PROVEEDORES;CREMAS DE BELLEZA
INTENZA;FACIAL;OTROS PROVEEDORES;CREMAS DE BELLEZA
LABELLO;FACIAL;OTROS PROVEEDORES;CREMAS DE BELLEZA
LINEANCE;FACIAL;OTROS PROVEEDORES;CREMAS DE BELLEZA
MARY STUART;FACIAL;OTROS PROVEEDORES;CREMAS DE BELLEZA
OTRAS MARCAS;FACIAL;OTROS PROVEEDORES;CREMAS DE BELLEZA
SEMBLANT;FACIAL;OTROS PROVEEDORES;CREMAS DE BELLEZA
SKIN;FACIAL;OTROS PROVEEDORES;CREMAS DE BELLEZA
SKIN CARE;FACIAL;OTROS PROVEEDORES;CREMAS DE BELLEZA
SOFTYS;FACIAL;OTROS PROVEEDORES;CREMAS DE BELLEZA
ULTRAVIE;FACIAL;OTROS PROVEEDORES;CREMAS DE BELLEZA
XICANIL;FACIAL;OTROS PROVEEDORES;CREMAS DE BELLEZA
BAGOVIT;MANOS;OTROS PROVEEDORES;CREMAS DE BELLEZA
MISS YLANG;MANOS;OTROS PROVEEDORES;CREMAS DE BELLEZA
OTRAS MARCAS;MANOS;OTROS PROVEEDORES;CREMAS DE BELLEZA
ULTRAVIE;MANOS;OTROS PROVEEDORES;CREMAS DE BELLEZA
BAGOVIT;SOLAR;OTROS PROVEEDORES;CREMAS DE BELLEZA
OTRAS MARCAS;SOLAR;OTROS PROVEEDORES;CREMAS DE BELLEZA
TOPZ;SOLAR;OTROS PROVEEDORES;CREMAS DE BELLEZA
VILLENEUVE;SOLAR;OTROS PROVEEDORES;CREMAS DE BELLEZA
BELL SOFT;ACONDICIONADOR;OTROS PROVEEDORES;CUIDADO CAPILAR
BELL SOFT;ACONDICIONADOR;OTROS PROVEEDORES;CUIDADO CAPILAR
GALAPAGOS;ACONDICIONADOR;OTROS PROVEEDORES;CUIDADO CAPILAR
GALAPAGOS;ACONDICIONADOR;OTROS PROVEEDORES;CUIDADO CAPILAR
IYOSEI;ACONDICIONADOR;OTROS PROVEEDORES;CUIDADO CAPILAR
IYOSEI;ACONDICIONADOR;OTROS PROVEEDORES;CUIDADO CAPILAR
KANECHOM;ACONDICIONADOR;OTROS PROVEEDORES;CUIDADO CAPILAR
KANECHOM;ACONDICIONADOR;OTROS PROVEEDORES;CUIDADO CAPILAR
KERASYS;ACONDICIONADOR;OTROS PROVEEDORES;CUIDADO CAPILAR
KERASYS;ACONDICIONADOR;OTROS PROVEEDORES;CUIDADO CAPILAR
LINO;ACONDICIONADOR;OTROS PROVEEDORES;CUIDADO CAPILAR
LINO;ACONDICIONADOR;OTROS PROVEEDORES;CUIDADO CAPILAR
LORYS KIDS;ACONDICIONADOR;OTROS PROVEEDORES;CUIDADO CAPILAR
LORYS KIDS;ACONDICIONADOR;OTROS PROVEEDORES;CUIDADO CAPILAR
OTRAS MARCAS;ACONDICIONADOR;OTROS PROVEEDORES;CUIDADO CAPILAR
OTRAS MARCAS;ACONDICIONADOR;OTROS PROVEEDORES;CUIDADO CAPILAR
SABELLE;ACONDICIONADOR;OTROS PROVEEDORES;CUIDADO CAPILAR
SABELLE;ACONDICIONADOR;OTROS PROVEEDORES;CUIDADO CAPILAR
SALON OPUS;ACONDICIONADOR;OTROS PROVEEDORES;CUIDADO CAPILAR
SALON OPUS;ACONDICIONADOR;OTROS PROVEEDORES;CUIDADO CAPILAR
BABYLISSPRO;NULL;OTROS PROVEEDORES;CUIDADO CAPILAR
BATISTE;NULL;OTROS PROVEEDORES;CUIDADO CAPILAR
BELL SOFT;NULL;OTROS PROVEEDORES;CUIDADO CAPILAR
DELUXE CARE;NULL;OTROS PROVEEDORES;CUIDADO CAPILAR
FASHION;NULL;OTROS PROVEEDORES;CUIDADO CAPILAR
GOLD;NULL;OTROS PROVEEDORES;CUIDADO CAPILAR
IYOSEI;NULL;OTROS PROVEEDORES;CUIDADO CAPILAR
KANECHOM;NULL;OTROS PROVEEDORES;CUIDADO CAPILAR
KERASYS;NULL;OTROS PROVEEDORES;CUIDADO CAPILAR
KISS MY FACE;NULL;OTROS PROVEEDORES;CUIDADO CAPILAR
NAHUEL;NULL;OTROS PROVEEDORES;CUIDADO CAPILAR
RE.EN;NULL;OTROS PROVEEDORES;CUIDADO CAPILAR
SABELLE;NULL;OTROS PROVEEDORES;CUIDADO CAPILAR
BELL SOFT;SHAMPOO;OTROS PROVEEDORES;CUIDADO CAPILAR
BELL SOFT;SHAMPOO;OTROS PROVEEDORES;CUIDADO CAPILAR
ELIPET;SHAMPOO;OTROS PROVEEDORES;CUIDADO CAPILAR
ELIPET;SHAMPOO;OTROS PROVEEDORES;CUIDADO CAPILAR
GALAPAGOS;SHAMPOO;OTROS PROVEEDORES;CUIDADO CAPILAR
GALAPAGOS;SHAMPOO;OTROS PROVEEDORES;CUIDADO CAPILAR
GOLD;SHAMPOO;OTROS PROVEEDORES;CUIDADO CAPILAR
GOLD;SHAMPOO;OTROS PROVEEDORES;CUIDADO CAPILAR
IYOSEI;SHAMPOO;OTROS PROVEEDORES;CUIDADO CAPILAR
IYOSEI;SHAMPOO;OTROS PROVEEDORES;CUIDADO CAPILAR
KERASYS;SHAMPOO;OTROS PROVEEDORES;CUIDADO CAPILAR
KERASYS;SHAMPOO;OTROS PROVEEDORES;CUIDADO CAPILAR
LORYS;SHAMPOO;OTROS PROVEEDORES;CUIDADO CAPILAR
LORYS;SHAMPOO;OTROS PROVEEDORES;CUIDADO CAPILAR
NAHUEL;SHAMPOO;OTROS PROVEEDORES;CUIDADO CAPILAR
NAHUEL;SHAMPOO;OTROS PROVEEDORES;CUIDADO CAPILAR
NIELY GOLD;SHAMPOO;OTROS PROVEEDORES;CUIDADO CAPILAR
NIELY GOLD;SHAMPOO;OTROS PROVEEDORES;CUIDADO CAPILAR
RICITOS DE ORO;SHAMPOO;OTROS PROVEEDORES;CUIDADO CAPILAR
RICITOS DE ORO;SHAMPOO;OTROS PROVEEDORES;CUIDADO CAPILAR
SABELLE;SHAMPOO;OTROS PROVEEDORES;CUIDADO CAPILAR
SABELLE;SHAMPOO;OTROS PROVEEDORES;CUIDADO CAPILAR
AVON;HOMBRE;OTROS PROVEEDORES;DESODORANTE/ANTITRANSPIRANTE
BOZZANO;HOMBRE;OTROS PROVEEDORES;DESODORANTE/ANTITRANSPIRANTE
CRANDALL;HOMBRE;OTROS PROVEEDORES;DESODORANTE/ANTITRANSPIRANTE
CUBA JUNGLA;HOMBRE;OTROS PROVEEDORES;DESODORANTE/ANTITRANSPIRANTE
HARPERS;HOMBRE;OTROS PROVEEDORES;DESODORANTE/ANTITRANSPIRANTE
KEVIN;HOMBRE;OTROS PROVEEDORES;DESODORANTE/ANTITRANSPIRANTE
AVON;MUJER;OTROS PROVEEDORES;DESODORANTE/ANTITRANSPIRANTE
HARPERS;MUJER;OTROS PROVEEDORES;DESODORANTE/ANTITRANSPIRANTE
HINDS;MUJER;OTROS PROVEEDORES;DESODORANTE/ANTITRANSPIRANTE
BRILLO Y AROMA;NORMAL;OTROS PROVEEDORES;DETERGENTE LAVAVAJILLAS
CASALIMPIA;NORMAL;OTROS PROVEEDORES;DETERGENTE LAVAVAJILLAS
EXTRALIMP;NORMAL;OTROS PROVEEDORES;DETERGENTE LAVAVAJILLAS
FINISH;NORMAL;OTROS PROVEEDORES;DETERGENTE LAVAVAJILLAS
FONTANA;NORMAL;OTROS PROVEEDORES;DETERGENTE LAVAVAJILLAS
GOTA LIMPIA;NORMAL;OTROS PROVEEDORES;DETERGENTE LAVAVAJILLAS
INOFLOR;NORMAL;OTROS PROVEEDORES;DETERGENTE LAVAVAJILLAS
LUISITO;NORMAL;OTROS PROVEEDORES;DETERGENTE LAVAVAJILLAS
MAGISTRAL;NORMAL;OTROS PROVEEDORES;DETERGENTE LAVAVAJILLAS
MAMI;NORMAL;OTROS PROVEEDORES;DETERGENTE LAVAVAJILLAS
ONE;NORMAL;OTROS PROVEEDORES;DETERGENTE LAVAVAJILLAS
CRAYOLA;CEPILLO DENTAL;OTROS PROVEEDORES;HIGIENE BUCAL
DENTALCLEAM;CEPILLO DENTAL;OTROS PROVEEDORES;HIGIENE BUCAL
GIULIANA;CEPILLO DENTAL;OTROS PROVEEDORES;HIGIENE BUCAL
JULIANA;CEPILLO DENTAL;OTROS PROVEEDORES;HIGIENE BUCAL
2020;CREMA DENTAL;OTROS PROVEEDORES;HIGIENE BUCAL
BUCCOTHERM;CREMA DENTAL;OTROS PROVEEDORES;HIGIENE BUCAL
NOC-10;CREMA DENTAL;OTROS PROVEEDORES;HIGIENE BUCAL
ODOLITO;CREMA DENTAL;OTROS PROVEEDORES;HIGIENE BUCAL
SENSODINE;CREMA DENTAL;OTROS PROVEEDORES;HIGIENE BUCAL
AVON;LIQUIDOS;OTROS PROVEEDORES;JABON DE TOCADOR
KAPPUS;LIQUIDOS;OTROS PROVEEDORES;JABON DE TOCADOR
MIMOSA;LIQUIDOS;OTROS PROVEEDORES;JABON DE TOCADOR
ASEPXIA;PASTILLAS;OTROS PROVEEDORES;JABON DE TOCADOR
ATIL;PASTILLAS;OTROS PROVEEDORES;JABON DE TOCADOR
MOTIVUS;PASTILLAS;OTROS PROVEEDORES;JABON DE TOCADOR
SENADOR;PASTILLAS;OTROS PROVEEDORES;JABON DE TOCADOR
STIL;PASTILLAS;OTROS PROVEEDORES;JABON DE TOCADOR
RESPLANDOR;JABONES EN POLVO;OTROS PROVEEDORES;LAVADO DE ROPA
ONE;JABONES LIQUIDOS;OTROS PROVEEDORES;LAVADO DE ROPA
ALGABO;SUAVIZANTES;OTROS PROVEEDORES;LAVADO DE ROPA
BOA ALEGRIA;SUAVIZANTES;OTROS PROVEEDORES;LAVADO DE ROPA
BRILLO Y AROMA;SUAVIZANTES;OTROS PROVEEDORES;LAVADO DE ROPA
GRANEL;SUAVIZANTES;OTROS PROVEEDORES;LAVADO DE ROPA
MAMI;SUAVIZANTES;OTROS PROVEEDORES;LAVADO DE ROPA
ONE;SUAVIZANTES;OTROS PROVEEDORES;LAVADO DE ROPA
RESPLANDOR;SUAVIZANTES;OTROS PROVEEDORES;LAVADO DE ROPA
FEEL CLEAN;ADULTOS;OTROS PROVEEDORES;PA헤LES
HIGIFRAL;ADULTOS;OTROS PROVEEDORES;PA헤LES
SENSATY;ADULTOS;OTROS PROVEEDORES;PA헤LES
SLIM;ADULTOS;OTROS PROVEEDORES;PA헤LES
BABY ROGER;INFANTILES;OTROS PROVEEDORES;PA헤LES
EVOLUTION;INFANTILES;OTROS PROVEEDORES;PA헤LES
MI BEBE;INFANTILES;OTROS PROVEEDORES;PA헤LES
MINI BEBE;INFANTILES;OTROS PROVEEDORES;PA헤LES
PERSONALIDADE;INFANTILES;OTROS PROVEEDORES;PA헤LES
SMILINGUIDO;INFANTILES;OTROS PROVEEDORES;PA헤LES
BOX;PAPEL HIGIENICO;OTROS PROVEEDORES;PAPELES
CHARMIN;PAPEL HIGIENICO;OTROS PROVEEDORES;PAPELES
CIELO;PAPEL HIGIENICO;OTROS PROVEEDORES;PAPELES
CISNE;PAPEL HIGIENICO;OTROS PROVEEDORES;PAPELES
ENCANTO;PAPEL HIGIENICO;OTROS PROVEEDORES;PAPELES
FAMA;PAPEL HIGIENICO;OTROS PROVEEDORES;PAPELES
FLORAX;PAPEL HIGIENICO;OTROS PROVEEDORES;PAPELES
LALAS;PAPEL HIGIENICO;OTROS PROVEEDORES;PAPELES
MATI;PAPEL HIGIENICO;OTROS PROVEEDORES;PAPELES
MAXIFLOR;PAPEL HIGIENICO;OTROS PROVEEDORES;PAPELES
PANDA;PAPEL HIGIENICO;OTROS PROVEEDORES;PAPELES
PERLA;PAPEL HIGIENICO;OTROS PROVEEDORES;PAPELES
THAIS;PAPEL HIGIENICO;OTROS PROVEEDORES;PAPELES
AJINOMOTO;PASTAS CORTAS;OTROS PROVEEDORES;PASTAS SECAS
CAMPEON;PASTAS CORTAS;OTROS PROVEEDORES;PASTAS SECAS
CAMPEON;PASTAS LARGAS;OTROS PROVEEDORES;PASTAS SECAS
CAMPEON;NIDO;OTROS PROVEEDORES;PASTAS SECAS
COLONIAL;PASTAS CORTAS;OTROS PROVEEDORES;PASTAS SECAS
GAMELL;PASTAS CORTAS;OTROS PROVEEDORES;PASTAS SECAS
GAMELL;PASTAS LARGAS;OTROS PROVEEDORES;PASTAS SECAS
LA BONA;PASTAS LARGAS;OTROS PROVEEDORES;PASTAS SECAS
MACARRAO;PASTAS CORTAS;OTROS PROVEEDORES;PASTAS SECAS
OTRAS MARCAS;PASTAS CORTAS;OTROS PROVEEDORES;PASTAS SECAS
OTRAS MARCAS;PASTAS LARGAS;OTROS PROVEEDORES;PASTAS SECAS
RONZONI;PASTAS CORTAS;OTROS PROVEEDORES;PASTAS SECAS
RONZONI;PASTAS LARGAS;OTROS PROVEEDORES;PASTAS SECAS
TIA HELENA;PASTAS CORTAS;OTROS PROVEEDORES;PASTAS SECAS
TUTTI I GIORNI;PASTAS CORTAS;OTROS PROVEEDORES;PASTAS SECAS
URBANO;PASTAS CORTAS;OTROS PROVEEDORES;PASTAS SECAS
ZAELI;PASTAS CORTAS;OTROS PROVEEDORES;PASTAS SECAS
MIMOSA;NULL;OTROS PROVEEDORES;PROTECCION FEMENINA
NATURALMENTE;NULL;OTROS PROVEEDORES;PROTECCION FEMENINA
TAMPAX;NULL;OTROS PROVEEDORES;PROTECCION FEMENINA
NATURALM;PROTECTOR DIARIO;OTROS PROVEEDORES;PROTECCION FEMENINA
NATURALM;PROTECTOR DIARIO;OTROS PROVEEDORES;PROTECCION FEMENINA
NATURALMENTE;PROTECTOR DIARIO;OTROS PROVEEDORES;PROTECCION FEMENINA
NATURALMENTE;PROTECTOR DIARIO;OTROS PROVEEDORES;PROTECCION FEMENINA
OTRAS MARCAS;PROTECTOR DIARIO;OTROS PROVEEDORES;PROTECCION FEMENINA
OTRAS MARCAS;PROTECTOR DIARIO;OTROS PROVEEDORES;PROTECCION FEMENINA
OTRAS MARCAS;TAMPONES;OTROS PROVEEDORES;PROTECCION FEMENINA
OTRAS MARCAS;TAMPONES;OTROS PROVEEDORES;PROTECCION FEMENINA
DEFINITY;TOALLAS HIGI텙ICAS;OTROS PROVEEDORES;PROTECCION FEMENINA
DEFINITY;TOALLAS HIGI텙ICAS;OTROS PROVEEDORES;PROTECCION FEMENINA
NATURALMENTE;TOALLAS HIGI텙ICAS;OTROS PROVEEDORES;PROTECCION FEMENINA
NATURALMENTE;TOALLAS HIGI텙ICAS;OTROS PROVEEDORES;PROTECCION FEMENINA
OTRAS MARCAS;TOALLAS HIGI텙ICAS;OTROS PROVEEDORES;PROTECCION FEMENINA
OTRAS MARCAS;TOALLAS HIGI텙ICAS;OTROS PROVEEDORES;PROTECCION FEMENINA
FCBARCELONA;HOMBRE;PADOC S.A.;DESODORANTE/ANTITRANSPIRANTE
JAZMIN;PAPEL HIGIENICO;PAPELERA FC S.A.;PAPELES
ALCAZAR;OLIVA;PARAGUAY TRADING SA;aceites y vinagres
CAROZZI;OLIVA;PARAGUAY TRADING SA;aceites y vinagres
FRUTIKA;KETCHUP;PARAGUAY TRADING SA;ADEREZOS
YPE;NORMAL;PARAGUAY TRADING SA;DETERGENTE LAVAVAJILLAS
ORAL B;CEPILLO DENTAL;PARAGUAY TRADING SA;HIGIENE BUCAL
ORAL B;CREMA DENTAL;PARAGUAY TRADING SA;HIGIENE BUCAL
ORAL B;ENJUAGUE BUCAL;PARAGUAY TRADING SA;HIGIENE BUCAL
ORAL B;HILO DENTAL;PARAGUAY TRADING SA;HIGIENE BUCAL
FLOR DE YPE;PASTILLAS;PARAGUAY TRADING SA;JABON DE TOCADOR
YPE;PASTILLAS;PARAGUAY TRADING SA;JABON DE TOCADOR
YPE;JABONES EN POLVO;PARAGUAY TRADING SA;LAVADO DE ROPA
YPE;JABONES LIQUIDOS;PARAGUAY TRADING SA;LAVADO DE ROPA
YPE;SUAVIZANTES;PARAGUAY TRADING SA;LAVADO DE ROPA
BOB;PAPEL HIGIENICO;PARAGUAY TRADING SA;PAPELES
TENDERLY;PAPEL HIGIENICO;PARAGUAY TRADING SA;PAPELES
CAROZZI;PASTAS LARGAS;PARAGUAY TRADING SA;PASTAS SECAS
CAROZZI;PASTAS CORTAS;PARAGUAY TRADING SA;PASTAS SECAS
RAVIOLINI;PASTAS CORTAS;PARAGUAY TRADING SA;PASTAS SECAS
TRATTORIA;PASTAS CORTAS;PARAGUAY TRADING SA;PASTAS SECAS
JAN JAO;PAPEL HIGIENICO;PARRILLADA KAPI;PAPELES
PICAFLOR;PAPEL HIGIENICO;PARRILLADA KAPI;PAPELES
SAN FERMIN;PAPEL HIGIENICO;PARRILLADA KAPI;PAPELES
SESATE;SESAMO;POJHA RAITY SANTA RITA S. R. L.;aceites y vinagres
CALIPSO;PROTECTOR DIARIO;PROFARCO S. A.;PROTECCION FEMENINA
CALIPSO;PROTECTOR DIARIO;PROFARCO S. A.;PROTECCION FEMENINA
CALIPSO;TOALLAS HIGI텙ICAS;PROFARCO S. A.;PROTECCION FEMENINA
CALIPSO;TOALLAS HIGI텙ICAS;PROFARCO S. A.;PROTECCION FEMENINA
NOSOTRAS;TOALLAS HIGI텙ICAS;PROFARCO S. A.;PROTECCION FEMENINA
NOSOTRAS;TOALLAS HIGI텙ICAS;PROFARCO S. A.;PROTECCION FEMENINA
NOSOTRAS;LIQUIDOS;PROFARCO S.A.;JABON DE TOCADOR
MASTER;ADULTOS;PROFARCO S.A.;PA헤LES
NOSOTRAS;ADULTOS;PROFARCO S.A.;PA헤LES
TENA;ADULTOS;PROFARCO S.A.;PA헤LES
CALIPSO;NULL;PROFARCO S.A.;PROTECCION FEMENINA
NOSOTRAS;NULL;PROFARCO S.A.;PROTECCION FEMENINA
TENA;NULL;PROFARCO S.A.;PROTECCION FEMENINA
NOSOTRAS;PROTECTOR DIARIO;PROFARCO S.A.;PROTECCION FEMENINA
NOSOTRAS;PROTECTOR DIARIO;PROFARCO S.A.;PROTECCION FEMENINA
NOSOTRAS;TAMPONES;PROFARCO S.A.;PROTECCION FEMENINA
NOSOTRAS;TAMPONES;PROFARCO S.A.;PROTECCION FEMENINA
ELASTINE;ACONDICIONADOR;PROGRESS SOCIEDAD ANONIMA;CUIDADO CAPILAR
ELASTINE;ACONDICIONADOR;PROGRESS SOCIEDAD ANONIMA;CUIDADO CAPILAR
LG;ACONDICIONADOR;PROGRESS SOCIEDAD ANONIMA;CUIDADO CAPILAR
LG;ACONDICIONADOR;PROGRESS SOCIEDAD ANONIMA;CUIDADO CAPILAR
ELASTINE;NULL;PROGRESS SOCIEDAD ANONIMA;CUIDADO CAPILAR
ELASTINE;SHAMPOO;PROGRESS SOCIEDAD ANONIMA;CUIDADO CAPILAR
ELASTINE;SHAMPOO;PROGRESS SOCIEDAD ANONIMA;CUIDADO CAPILAR
LG;SHAMPOO;PROGRESS SOCIEDAD ANONIMA;CUIDADO CAPILAR
LG;SHAMPOO;PROGRESS SOCIEDAD ANONIMA;CUIDADO CAPILAR
BODY MODEL;BODY;PROVENT SA;CREMAS DE BELLEZA
LEGS SOLUTIONS;BODY;PROVENT SA;CREMAS DE BELLEZA
RAYITO DE SOL;BODY;PROVENT SA;CREMAS DE BELLEZA
RENUAR;BODY;PROVENT SA;CREMAS DE BELLEZA
SALLY HANSEN;BODY;PROVENT SA;CREMAS DE BELLEZA
TORTULAN;BODY;PROVENT SA;CREMAS DE BELLEZA
BODY MODEL;FACIAL;PROVENT SA;CREMAS DE BELLEZA
RENUAR;FACIAL;PROVENT SA;CREMAS DE BELLEZA
TORTULAN;FACIAL;PROVENT SA;CREMAS DE BELLEZA
OTRAS MARCAS;MANOS;PROVENT SA;CREMAS DE BELLEZA
RENUAR;MANOS;PROVENT SA;CREMAS DE BELLEZA
RAYITO DE SOL;SOLAR;PROVENT SA;CREMAS DE BELLEZA
KOSIUKO;HOMBRE;PROVENT SA;DESODORANTE/ANTITRANSPIRANTE
KOSIUKO;MUJER;PROVENT SA;DESODORANTE/ANTITRANSPIRANTE
NATURAL HONEY;BODY;R & S SRL;CREMAS DE BELLEZA
COCINERO;GIRASOL;RAMIREZ DIAZ DE ESPADA;aceites y vinagres
COCINERO;MEZCLA;RAMIREZ DIAZ DE ESPADA;aceites y vinagres
COCINERO;OLIVA;RAMIREZ DIAZ DE ESPADA;aceites y vinagres
SUPERLIM;NORMAL;RAMIREZ DIAZ DE ESPADA;DETERGENTE LAVAVAJILLAS
TAPITI;NORMAL;RAMIREZ DIAZ DE ESPADA;DETERGENTE LAVAVAJILLAS
FLORAL;PAPEL HIGIENICO;RAMIREZ DIAZ DE ESPADA;PAPELES
FLORIS;PAPEL HIGIENICO;RAMIREZ DIAZ DE ESPADA;PAPELES
HIGIENOL;PAPEL HIGIENICO;RAMIREZ DIAZ DE ESPADA;PAPELES
FAVORITA;PASTAS LARGAS;RAMIREZ DIAZ DE ESPADA;PASTAS SECAS
FAVORITA;PASTAS CORTAS;RAMIREZ DIAZ DE ESPADA;PASTAS SECAS
LUCCHETTI;PASTAS CORTAS;RAMIREZ DIAZ DE ESPADA;PASTAS SECAS
LUCCHETTI;PASTAS LARGAS;RAMIREZ DIAZ DE ESPADA;PASTAS SECAS
MATARAZZO;PASTAS CORTAS;RAMIREZ DIAZ DE ESPADA;PASTAS SECAS
MATARAZZO;PASTAS LARGAS;RAMIREZ DIAZ DE ESPADA;PASTAS SECAS
DISNEY;BODY;RAMIREZ VERDUN MIRIAN CAROLINA;CREMAS DE BELLEZA
919;NULL;RECOFAR S A;CUIDADO CAPILAR
N.HILLS;BODY;RECOFAR S. A.;CREMAS DE BELLEZA
OTRAS MARCAS;MANOS;RECOFAR S. A.;CREMAS DE BELLEZA
ISSUE;ACONDICIONADOR;RECOFAR S. A.;CUIDADO CAPILAR
ISSUE;ACONDICIONADOR;RECOFAR S. A.;CUIDADO CAPILAR
ISSUE;SHAMPOO;RECOFAR S. A.;CUIDADO CAPILAR
ISSUE;SHAMPOO;RECOFAR S. A.;CUIDADO CAPILAR
RESPLANDOR;NORMAL;RESPLANDOR S.R.L.;DETERGENTE LAVAVAJILLAS
BIANCA;MAYONESA;RETAIL SA;ADEREZOS
LA PASTA DEL OLIVO;OLIVA;S. A. RURAL INDUSTRIAL Y COMERCIAL;aceites y vinagres
PREDILECTA;KETCHUP;SABE SAC;ADEREZOS
PREDILECTA;MOSTAZA;SABE SAC;ADEREZOS
DON SABOR;PRE MEZCLA;SALEMMA SACI;aceites y vinagres
FAMILY;NORMAL;SALEMMA SACI;DETERGENTE LAVAVAJILLAS
LIMPOL;NORMAL;SALEMMA SACI;DETERGENTE LAVAVAJILLAS
SAPOLIO;NORMAL;SALEMMA SACI;DETERGENTE LAVAVAJILLAS
MON BIJOU;JABONES LIQUIDOS;SALEMMA SACI;LAVADO DE ROPA
MON BIJOU;SUAVIZANTES;SALEMMA SACI;LAVADO DE ROPA
FAMILY;PAPEL HIGIENICO;SALEMMA SACI;PAPELES
AJINOMEN;PASTAS CORTAS;SALEMMA SACI;PASTAS SECAS
GALO;PASTAS CORTAS;SALEMMA SACI;PASTAS SECAS
GALO;PASTAS LARGAS;SALEMMA SACI;PASTAS SECAS
GALO;NIDO;SALEMMA SACI;PASTAS SECAS
RENATA;PASTAS CORTAS;SALEMMA SACI;PASTAS SECAS
RENATA;PASTAS LARGAS;SALEMMA SACI;PASTAS SECAS
MONANGE;ACONDICIONADOR;SAN JOSE IMPORT EXPORT S.A.;CUIDADO CAPILAR
MONANGE;ACONDICIONADOR;SAN JOSE IMPORT EXPORT S.A.;CUIDADO CAPILAR
MONANGE;SHAMPOO;SAN JOSE IMPORT EXPORT S.A.;CUIDADO CAPILAR
MONANGE;SHAMPOO;SAN JOSE IMPORT EXPORT S.A.;CUIDADO CAPILAR
HEMMER;KETCHUP;SAN JOSE IMPORT EXPORT SA;ADEREZOS
HEMMER;MAYONESA;SAN JOSE IMPORT EXPORT SA;ADEREZOS
HEMMER;MOSTAZA;SAN JOSE IMPORT EXPORT SA;ADEREZOS
MONANGE;NULL;SAN JOSE IMPORT EXPORT SA;CUIDADO CAPILAR
MONANGE;MUJER;SAN JOSE IMPORT EXPORT SA;DESODORANTE/ANTITRANSPIRANTE
SAN MILLAN;MOSTAZA;SAN MILLAN SRL;ADEREZOS
DE CECCO;OLIVA;SANMARINESE  S.A.;aceites y vinagres
DE CECCO;PASTAS CORTAS;SANMARINESE  S.A.;PASTAS SECAS
DE CECCO;PASTAS LARGAS;SANMARINESE  S.A.;PASTAS SECAS
OTRAS MARCAS;FACIAL;SANTI SA;CREMAS DE BELLEZA
LA PRADERA;BODY;SAPROCAL S.R.L.;CREMAS DE BELLEZA
STIL;FACIAL;SCAVONE HERMANOS S.A.;CREMAS DE BELLEZA
SESAMI;SESAMO;SESAMI SRL;aceites y vinagres
SIRIUS;PAPEL HIGIENICO;SIDERAGRO S.A;PAPELES
QBOA;SUAVIZANTES;SIDERAGRO SA;LAVADO DE ROPA
QUEBOA;SUAVIZANTES;SIDERAGRO SA;LAVADO DE ROPA
KARITE;BODY;SIGMA SRL;CREMAS DE BELLEZA
OTRAS MARCAS;BODY;SIGMA SRL;CREMAS DE BELLEZA
SECRETS;BODY;SIGMA SRL;CREMAS DE BELLEZA
STHER;BODY;SIGMA SRL;CREMAS DE BELLEZA
SUAVITY;BODY;SIGMA SRL;CREMAS DE BELLEZA
VINI LADY;BODY;SIGMA SRL;CREMAS DE BELLEZA
ARNAUD;FACIAL;SIGMA SRL;CREMAS DE BELLEZA
ASPA;FACIAL;SIGMA SRL;CREMAS DE BELLEZA
OTRAS MARCAS;FACIAL;SIGMA SRL;CREMAS DE BELLEZA
SUAVITY;FACIAL;SIGMA SRL;CREMAS DE BELLEZA
OTRAS MARCAS;MANOS;SIGMA SRL;CREMAS DE BELLEZA
SUAVITY;MANOS;SIGMA SRL;CREMAS DE BELLEZA
FARMASI;NULL;SIGMA SRL;CUIDADO CAPILAR
VINI LADY;NULL;SIGMA SRL;CUIDADO CAPILAR
VANI LADY;LIQUIDOS;SIGMA SRL;JABON DE TOCADOR
VINI LADY;LIQUIDOS;SIGMA SRL;JABON DE TOCADOR
POLYANA;HOMBRE;SINERGIA S R L;DESODORANTE/ANTITRANSPIRANTE
POLYANA;MUJER;SINERGIA S R L;DESODORANTE/ANTITRANSPIRANTE
HIDRAMAIS;BODY;SINERGIA SRL;CREMAS DE BELLEZA
OTRAS MARCAS;BODY;SINERGIA SRL;CREMAS DE BELLEZA
HIDRAMAIS;FACIAL;SINERGIA SRL;CREMAS DE BELLEZA
HIDRAMAIS;MANOS;SINERGIA SRL;CREMAS DE BELLEZA
OTRAS MARCAS;MANOS;SINERGIA SRL;CREMAS DE BELLEZA
QUATRO;NORMAL;SOL QUIN SA;DETERGENTE LAVAVAJILLAS
헷 GUAZU;BODY;SOSA GAUTIER RAUL MARIA - LABORATORIO U;CREMAS DE BELLEZA
GALAPA;BODY;SUSANA BEATRIZ PESSOLANI MANDELIK;CREMAS DE BELLEZA
IYOSEI;BODY;SUSANA BEATRIZ PESSOLANI MANDELIK;CREMAS DE BELLEZA
OTRAS MARCAS;BODY;SUSANA BEATRIZ PESSOLANI MANDELIK;CREMAS DE BELLEZA
VIOLETA;BODY;SUSANA BEATRIZ PESSOLANI MANDELIK;CREMAS DE BELLEZA
MAXX;PAPEL HIGIENICO;TECNO IDEAS ;PAPELES
PRIMOR;SOJA;TEXTILES S. R. L.;aceites y vinagres
XANADU;BODY;TOP - COSMETICOS S. A.;CREMAS DE BELLEZA
XANADU;MANOS;TOP - COSMETICOS S. A.;CREMAS DE BELLEZA
XANADU;HOMBRE;TOP - COSMETICOS S. A.;DESODORANTE/ANTITRANSPIRANTE
XANADU;MUJER;TOP - COSMETICOS S. A.;DESODORANTE/ANTITRANSPIRANTE
TIXAN;JABONES EN POLVO;TRADING COMPANY S.A.;LAVADO DE ROPA
TIXAN;JABONES LIQUIDOS;TRADING COMPANY S.A.;LAVADO DE ROPA
BONARE;KETCHUP;TRADING COMPANY SA;ADEREZOS
CLASS;LIQUIDOS;TROVATO CISA;JABON DE TOCADOR
MAR;LIQUIDOS;TROVATO CISA;JABON DE TOCADOR
CLASS;PASTILLAS;TROVATO CISA;JABON DE TOCADOR
LAGO AZUL;PASTILLAS;TROVATO CISA;JABON DE TOCADOR
MAR;PASTILLAS;TROVATO CISA;JABON DE TOCADOR
LAGO AZUL;JABONES EN POLVO;TROVATO CISA;LAVADO DE ROPA
ASI;JABONES LIQUIDOS;TROVATO CISA;LAVADO DE ROPA
ASI;SUAVIZANTES;TROVATO CISA;LAVADO DE ROPA
ELITE;PAPEL HIGIENICO;TROVATO CISA;PAPELES
OK;CANOLA;UNILEVER;aceites y vinagres
MIRASOL;GIRASOL;UNILEVER;aceites y vinagres
REINA;GIRASOL;UNILEVER;aceites y vinagres
MIRASOL;MEZCLA;UNILEVER;aceites y vinagres
OK;MEZCLA;UNILEVER;aceites y vinagres
REINA;MEZCLA;UNILEVER;aceites y vinagres
ARISCO;OLIVA;UNILEVER;aceites y vinagres
OK;OLIVA;UNILEVER;aceites y vinagres
OK;SOJA;UNILEVER;aceites y vinagres
REINA;SOJA;UNILEVER;aceites y vinagres
ARISCO;KETCHUP;UNILEVER;ADEREZOS
FANACOA;KETCHUP;UNILEVER;ADEREZOS
HELLMANS;KETCHUP;UNILEVER;ADEREZOS
RI-K;KETCHUP;UNILEVER;ADEREZOS
FANACOA;MAYONESA;UNILEVER;ADEREZOS
HELLMANS;MAYONESA;UNILEVER;ADEREZOS
RI-K;MAYONESA;UNILEVER;ADEREZOS
HELLMANS;MOSTAZA;UNILEVER;ADEREZOS
RI-K;MOSTAZA;UNILEVER;ADEREZOS
SAVORA;MOSTAZA;UNILEVER;ADEREZOS
HELLMANS;SALSA GOLF;UNILEVER;ADEREZOS
KNORR;CALDOS;UNILEVER;CALDOS/SOPAS/PURE
KNORR;SOPAS;UNILEVER;CALDOS/SOPAS/PURE
CLEAR;ACONDICIONADOR;UNILEVER;CUIDADO CAPILAR
CLEAR;ACONDICIONADOR;UNILEVER;CUIDADO CAPILAR
DOVE;ACONDICIONADOR;UNILEVER;CUIDADO CAPILAR
DOVE;ACONDICIONADOR;UNILEVER;CUIDADO CAPILAR
SEDAL;ACONDICIONADOR;UNILEVER;CUIDADO CAPILAR
SEDAL;ACONDICIONADOR;UNILEVER;CUIDADO CAPILAR
SUAVE;ACONDICIONADOR;UNILEVER;CUIDADO CAPILAR
SUAVE;ACONDICIONADOR;UNILEVER;CUIDADO CAPILAR
SUAVE KIDS;ACONDICIONADOR;UNILEVER;CUIDADO CAPILAR
SUAVE KIDS;ACONDICIONADOR;UNILEVER;CUIDADO CAPILAR
TRESEMME;ACONDICIONADOR;UNILEVER;CUIDADO CAPILAR
TRESEMME;ACONDICIONADOR;UNILEVER;CUIDADO CAPILAR
CLEAR;NULL;UNILEVER;CUIDADO CAPILAR
DOVE;NULL;UNILEVER;CUIDADO CAPILAR
SEDAL;NULL;UNILEVER;CUIDADO CAPILAR
SUAVE;NULL;UNILEVER;CUIDADO CAPILAR
SUAVE KIDS;NULL;UNILEVER;CUIDADO CAPILAR
TRESEMME;NULL;UNILEVER;CUIDADO CAPILAR
CLEAR;SHAMPOO;UNILEVER;CUIDADO CAPILAR
CLEAR;SHAMPOO;UNILEVER;CUIDADO CAPILAR
DOVE;SHAMPOO;UNILEVER;CUIDADO CAPILAR
DOVE;SHAMPOO;UNILEVER;CUIDADO CAPILAR
DOVE ;SHAMPOO;UNILEVER;CUIDADO CAPILAR
DOVE ;SHAMPOO;UNILEVER;CUIDADO CAPILAR
SEDAL;SHAMPOO;UNILEVER;CUIDADO CAPILAR
SEDAL;SHAMPOO;UNILEVER;CUIDADO CAPILAR
SUAVE;SHAMPOO;UNILEVER;CUIDADO CAPILAR
SUAVE;SHAMPOO;UNILEVER;CUIDADO CAPILAR
SUAVE KIDS;SHAMPOO;UNILEVER;CUIDADO CAPILAR
TRESEMME;SHAMPOO;UNILEVER;CUIDADO CAPILAR
TRESEMME;SHAMPOO;UNILEVER;CUIDADO CAPILAR
AXE;HOMBRE;UNILEVER;DESODORANTE/ANTITRANSPIRANTE
DOVE;HOMBRE;UNILEVER;DESODORANTE/ANTITRANSPIRANTE
REXONA;HOMBRE;UNILEVER;DESODORANTE/ANTITRANSPIRANTE
DOVE;MUJER;UNILEVER;DESODORANTE/ANTITRANSPIRANTE
REXONA;MUJER;UNILEVER;DESODORANTE/ANTITRANSPIRANTE
ACTIVO 100;CONCENTRADOS;UNILEVER;DETERGENTE LAVAVAJILLAS
SUN;CONCENTRADOS;UNILEVER;DETERGENTE LAVAVAJILLAS
ACTIVO 100;NORMAL;UNILEVER;DETERGENTE LAVAVAJILLAS
ALA;NORMAL;UNILEVER;DETERGENTE LAVAVAJILLAS
GANADOR;NORMAL;UNILEVER;DETERGENTE LAVAVAJILLAS
SUN;NORMAL;UNILEVER;DETERGENTE LAVAVAJILLAS
CLOSE UP;CEPILLO DENTAL;UNILEVER;HIGIENE BUCAL
CLOSE UP;CREMA DENTAL;UNILEVER;HIGIENE BUCAL
DOVE;LIQUIDOS;UNILEVER;JABON DE TOCADOR
LIFEBUOY;LIQUIDOS;UNILEVER;JABON DE TOCADOR
LUX;LIQUIDOS;UNILEVER;JABON DE TOCADOR
REXONA;LIQUIDOS;UNILEVER;JABON DE TOCADOR
DOVE;PASTILLAS;UNILEVER;JABON DE TOCADOR
LIFEBUOY;PASTILLAS;UNILEVER;JABON DE TOCADOR
LUX;PASTILLAS;UNILEVER;JABON DE TOCADOR
REXONA;PASTILLAS;UNILEVER;JABON DE TOCADOR
SUAVE;PASTILLAS;UNILEVER;JABON DE TOCADOR
BRILLANTE;JABONES EN POLVO;UNILEVER;LAVADO DE ROPA
CU헤TAI;JABONES EN POLVO;UNILEVER;LAVADO DE ROPA
DRIVE;JABONES EN POLVO;UNILEVER;LAVADO DE ROPA
OMO;JABONES EN POLVO;UNILEVER;LAVADO DE ROPA
SKIP;JABONES EN POLVO;UNILEVER;LAVADO DE ROPA
DRIVE;JABONES LIQUIDOS;UNILEVER;LAVADO DE ROPA
OMO;JABONES LIQUIDOS;UNILEVER;LAVADO DE ROPA
SKIP;JABONES LIQUIDOS;UNILEVER;LAVADO DE ROPA
VIVERE;JABONES LIQUIDOS;UNILEVER;LAVADO DE ROPA
COMFORT;SUAVIZANTES;UNILEVER;LAVADO DE ROPA
VIVERE;SUAVIZANTES;UNILEVER;LAVADO DE ROPA
GOODNITES;ADULTOS;UNILEVER;PA헤LES
HUGGIES;ADULTOS;UNILEVER;PA헤LES
PLENITUD;ADULTOS;UNILEVER;PA헤LES
GOODNITES;INFANTILES;UNILEVER;PA헤LES
HUGGIES;INFANTILES;UNILEVER;PA헤LES
PLENITUD;INFANTILES;UNILEVER;PA헤LES
SCOTT;PAPEL HIGIENICO;UNILEVER;PAPELES
KNORR;PASTAS LARGAS;UNILEVER;PASTAS SECAS
KNORR;PASTAS CORTAS;UNILEVER;PASTAS SECAS
KOTEX;NULL;UNILEVER;PROTECCION FEMENINA
LINA;NULL;UNILEVER;PROTECCION FEMENINA
PLENITUD;NULL;UNILEVER;PROTECCION FEMENINA
KOTEX;PROTECTOR DIARIO;UNILEVER;PROTECCION FEMENINA
KOTEX;TAMPONES;UNILEVER;PROTECCION FEMENINA
KOTEX;TOALLAS HIGI텙ICAS;UNILEVER;PROTECCION FEMENINA
KOTEX;TOALLAS HIGI텙ICAS;UNILEVER;PROTECCION FEMENINA
LINA;TOALLAS HIGI텙ICAS;UNILEVER;PROTECCION FEMENINA
LINA;TOALLAS HIGI텙ICAS;UNILEVER;PROTECCION FEMENINA
DOVE;BODY;UNILEVER DE PARAGUAY S.A;CREMAS DE BELLEZA
POISE;BODY;UNILEVER DE PARAGUAY S.A;CREMAS DE BELLEZA
STIVES;BODY;UNILEVER DE PARAGUAY S.A;CREMAS DE BELLEZA
PONDS;FACIAL;UNILEVER DE PARAGUAY S.A;CREMAS DE BELLEZA
STIVES;FACIAL;UNILEVER DE PARAGUAY S.A;CREMAS DE BELLEZA
DOVE;MANOS;UNILEVER DE PARAGUAY S.A;CREMAS DE BELLEZA
STIVES;MANOS;UNILEVER DE PARAGUAY S.A;CREMAS DE BELLEZA
PONDS;SOLAR;UNILEVER DE PARAGUAY S.A;CREMAS DE BELLEZA
SUAVE KIDS;SHAMPOO;UNILEVER DE PARAGUAY S.A;CUIDADO CAPILAR
KOTEX;PROTECTOR DIARIO;UNILEVER DE PARAGUAY S.A;PROTECCION FEMENINA
KOTEX;TAMPONES;UNILEVER DE PARAGUAY S.A;PROTECCION FEMENINA
ACE E. NATURA;BODY;UNION SRL;CREMAS DE BELLEZA
CAREY;BODY;UNION SRL;CREMAS DE BELLEZA
NEWCOLOR;BODY;UNION SRL;CREMAS DE BELLEZA
OTRAS MARCAS;BODY;UNION SRL;CREMAS DE BELLEZA
SKALA;BODY;UNION SRL;CREMAS DE BELLEZA
SOFT;BODY;UNION SRL;CREMAS DE BELLEZA
VERITAS;BODY;UNION SRL;CREMAS DE BELLEZA
LTODO GRANJA;FACIAL;UNION SRL;CREMAS DE BELLEZA
NEWCOLOR;FACIAL;UNION SRL;CREMAS DE BELLEZA
OTRAS MARCAS;FACIAL;UNION SRL;CREMAS DE BELLEZA
ROUBAIX;FACIAL;UNION SRL;CREMAS DE BELLEZA
SOFT;FACIAL;UNION SRL;CREMAS DE BELLEZA
CAREY;MANOS;UNION SRL;CREMAS DE BELLEZA
SOFT;SOLAR;UNION SRL;CREMAS DE BELLEZA
ALBERTO VO5;ACONDICIONADOR;UNION SRL;CUIDADO CAPILAR
ALBERTO VO5;ACONDICIONADOR;UNION SRL;CUIDADO CAPILAR
ANTIALL;ACONDICIONADOR;UNION SRL;CUIDADO CAPILAR
ANTIALL;ACONDICIONADOR;UNION SRL;CUIDADO CAPILAR
CAREY;ACONDICIONADOR;UNION SRL;CUIDADO CAPILAR
CAREY;ACONDICIONADOR;UNION SRL;CUIDADO CAPILAR
ROUBAIX;ACONDICIONADOR;UNION SRL;CUIDADO CAPILAR
ROUBAIX;ACONDICIONADOR;UNION SRL;CUIDADO CAPILAR
ANTIALL;NULL;UNION SRL;CUIDADO CAPILAR
CAREY;NULL;UNION SRL;CUIDADO CAPILAR
ROUBAIX;NULL;UNION SRL;CUIDADO CAPILAR
ALBERTO VO5;SHAMPOO;UNION SRL;CUIDADO CAPILAR
ALBERTO VO5;SHAMPOO;UNION SRL;CUIDADO CAPILAR
ANTIALL;SHAMPOO;UNION SRL;CUIDADO CAPILAR
ANTIALL;SHAMPOO;UNION SRL;CUIDADO CAPILAR
CAREY;SHAMPOO;UNION SRL;CUIDADO CAPILAR
CAREY;SHAMPOO;UNION SRL;CUIDADO CAPILAR
ROUBAIX;SHAMPOO;UNION SRL;CUIDADO CAPILAR
ROUBAIX;SHAMPOO;UNION SRL;CUIDADO CAPILAR
COLBERT;HOMBRE;UNION SRL;DESODORANTE/ANTITRANSPIRANTE
PACO;HOMBRE;UNION SRL;DESODORANTE/ANTITRANSPIRANTE
MUJERCITAS;MUJER;UNION SRL;DESODORANTE/ANTITRANSPIRANTE
VERITAS;MUJER;UNION SRL;DESODORANTE/ANTITRANSPIRANTE
GERIAMAX;ADULTOS;UNIVERSO IMPORTACIONES S A;PA헤LES
NATURAL BABY;ADULTOS;UNIVERSO IMPORTACIONES S A;PA헤LES
NATURAL BABY;INFANTILES;UNIVERSO IMPORTACIONES S A;PA헤LES
CLARYS;PAPEL HIGIENICO;UNIVERSO IMPORTACIONES S A;PAPELES
DEFINITY;NULL;UNIVERSO IMPORTACIONES S A;PROTECCION FEMENINA
NINFA;PASTAS LARGAS;VALIANA SRL;PASTAS SECAS
NINFA;PASTAS CORTAS;VALIANA SRL;PASTAS SECAS
PONTE RIALTO;PAPEL HIGIENICO;VENEZIA SA;PAPELES
DENDE CEPERA;OLIVA;VERDE MADURA S.A.;aceites y vinagres
GREYS;PAPEL HIGIENICO;VERTEX;PAPELES
BLUE PATNA;PASTAS CORTAS;VIDA SANA S.R.L.;PASTAS SECAS
BLUE PATNA;PASTAS LARGAS;VIDA SANA S.R.L.;PASTAS SECAS
KISS;NULL;VIGOR S. A;CUIDADO CAPILAR
KISS MY FACE;PASTILLAS;VIGOR S.A.;JABON DE TOCADOR
PRANA;ESPECIALES;VIRGEN S.A;aceites y vinagres
YBYCUI;ESPECIALES;ZARATE GAYOL CARLOS MARIA;aceites y vinagres
